assessment_id,id_no,binomial,presence,origin,seasonal,compiler,year,citation,legend,subspecies,subpop,dist_comm,island,tax_comm,source,basisofrec,event_year,longitude,latitude
725623,155130,Caranx sexfasciatus,1,1,5,T. Contreras,2018,IUCN Freshwater Biodiversity Unit,Extant (seasonality uncertain), , , , , ,T. Contreras McBeath 2014, ,,-175.17,-21.08
725623,155130,Caranx sexfasciatus,1,1,5,T. Contreras,2018,IUCN Freshwater Biodiversity Unit,Extant (seasonality uncertain), , , , , ,T. Contreras McBeath 2014, ,,-175.167,-21.0833
725623,155130,Caranx sexfasciatus,1,1,5,T. Contreras,2018,IUCN Freshwater Biodiversity Unit,Extant (seasonality uncertain), , , , , ,T. Contreras McBeath 2014, ,,-171.767,-13.8333
725623,155130,Caranx sexfasciatus,1,1,5,T. Contreras,2018,IUCN Freshwater Biodiversity Unit,Extant (seasonality uncertain), , , , , ,T. Contreras McBeath 2014, ,,-171.744,25.7742
725623,155130,Caranx sexfasciatus,1,1,5,T. Contreras,2018,IUCN Freshwater Biodiversity Unit,Extant (seasonality uncertain), , , , , ,T. Contreras McBeath 2014, ,,-171.08333,-3.1166666
725623,155130,Caranx sexfasciatus,1,1,5,T. Contreras,2018,IUCN Freshwater Biodiversity Unit,Extant (seasonality uncertain), , , , , ,T. Contreras McBeath 2014, ,,-170.68333,-14.266666
725623,155130,Caranx sexfasciatus,1,1,5,T. Contreras,2018,IUCN Freshwater Biodiversity Unit,Extant (seasonality uncertain), , , , , ,T. Contreras McBeath 2014, ,,-157.883,21.3167
725623,155130,Caranx sexfasciatus,1,1,5,T. Contreras,2018,IUCN Freshwater Biodiversity Unit,Extant (seasonality uncertain), , , , , ,T. Contreras McBeath 2014, ,,-149.833,-17.5
725623,155130,Caranx sexfasciatus,1,1,5,T. Contreras,2018,IUCN Freshwater Biodiversity Unit,Extant (seasonality uncertain), , , , , ,T. Contreras McBeath 2014, ,,-149.83,-17.5
725623,155130,Caranx sexfasciatus,1,1,5,T. Contreras,2018,IUCN Freshwater Biodiversity Unit,Extant (seasonality uncertain), , , , , ,T. Contreras McBeath 2014, ,,-149.353,-17.7578
725623,155130,Caranx sexfasciatus,1,1,5,T. Contreras,2018,IUCN Freshwater Biodiversity Unit,Extant (seasonality uncertain), , , , , ,T. Contreras McBeath 2014, ,,-112.117,27.267
725623,155130,Caranx sexfasciatus,1,1,5,T. Contreras,2018,IUCN Freshwater Biodiversity Unit,Extant (seasonality uncertain), , , , , ,T. Contreras McBeath 2014, ,,-112.11667,27.266666
725623,155130,Caranx sexfasciatus,1,1,5,T. Contreras,2018,IUCN Freshwater Biodiversity Unit,Extant (seasonality uncertain), , , , , ,T. Contreras McBeath 2014, ,,-111.9,26.8667
725623,155130,Caranx sexfasciatus,1,1,5,T. Contreras,2018,IUCN Freshwater Biodiversity Unit,Extant (seasonality uncertain), , , , , ,T. Contreras McBeath 2014, ,,-111.883,26.7667
725623,155130,Caranx sexfasciatus,1,1,5,T. Contreras,2018,IUCN Freshwater Biodiversity Unit,Extant (seasonality uncertain), , , , , ,T. Contreras McBeath 2014, ,,-111.833,26.75
725623,155130,Caranx sexfasciatus,1,1,5,T. Contreras,2018,IUCN Freshwater Biodiversity Unit,Extant (seasonality uncertain), , , , , ,T. Contreras McBeath 2014, ,,-111.317,25.8167
725623,155130,Caranx sexfasciatus,1,1,5,T. Contreras,2018,IUCN Freshwater Biodiversity Unit,Extant (seasonality uncertain), , , , , ,T. Contreras McBeath 2014, ,,-111.31167,25.808332
725623,155130,Caranx sexfasciatus,1,1,5,T. Contreras,2018,IUCN Freshwater Biodiversity Unit,Extant (seasonality uncertain), , , , , ,T. Contreras McBeath 2014, ,,-111.175,26.0167
725623,155130,Caranx sexfasciatus,1,1,5,T. Contreras,2018,IUCN Freshwater Biodiversity Unit,Extant (seasonality uncertain), , , , , ,T. Contreras McBeath 2014, ,,-110.433,24.1833
725623,155130,Caranx sexfasciatus,1,1,5,T. Contreras,2018,IUCN Freshwater Biodiversity Unit,Extant (seasonality uncertain), , , , , ,T. Contreras McBeath 2014, ,,-110.333,24.4167
725623,155130,Caranx sexfasciatus,1,1,5,T. Contreras,2018,IUCN Freshwater Biodiversity Unit,Extant (seasonality uncertain), , , , , ,T. Contreras McBeath 2014, ,,-110.05,25.65
725623,155130,Caranx sexfasciatus,1,1,5,T. Contreras,2018,IUCN Freshwater Biodiversity Unit,Extant (seasonality uncertain), , , , , ,T. Contreras McBeath 2014, ,,-110,25
725623,155130,Caranx sexfasciatus,1,1,5,T. Contreras,2018,IUCN Freshwater Biodiversity Unit,Extant (seasonality uncertain), , , , , ,T. Contreras McBeath 2014, ,,-109.917,22.917
725623,155130,Caranx sexfasciatus,1,1,5,T. Contreras,2018,IUCN Freshwater Biodiversity Unit,Extant (seasonality uncertain), , , , , ,T. Contreras McBeath 2014, ,,-109.889,22.8917
725623,155130,Caranx sexfasciatus,1,1,5,T. Contreras,2018,IUCN Freshwater Biodiversity Unit,Extant (seasonality uncertain), , , , , ,T. Contreras McBeath 2014, ,,-109.883,22.8667
725623,155130,Caranx sexfasciatus,1,1,5,T. Contreras,2018,IUCN Freshwater Biodiversity Unit,Extant (seasonality uncertain), , , , , ,T. Contreras McBeath 2014, ,,-109.867,24.2
725623,155130,Caranx sexfasciatus,1,1,5,T. Contreras,2018,IUCN Freshwater Biodiversity Unit,Extant (seasonality uncertain), , , , , ,T. Contreras McBeath 2014, ,,-109.167,25.633
725623,155130,Caranx sexfasciatus,1,1,5,T. Contreras,2018,IUCN Freshwater Biodiversity Unit,Extant (seasonality uncertain), , , , , ,T. Contreras McBeath 2014, ,,-109.166664,25.633333
725623,155130,Caranx sexfasciatus,1,1,5,T. Contreras,2018,IUCN Freshwater Biodiversity Unit,Extant (seasonality uncertain), , , , , ,T. Contreras McBeath 2014, ,,-106.5,21.383
725623,155130,Caranx sexfasciatus,1,1,5,T. Contreras,2018,IUCN Freshwater Biodiversity Unit,Extant (seasonality uncertain), , , , , ,T. Contreras McBeath 2014, ,,-106.5,21.417
725623,155130,Caranx sexfasciatus,1,1,5,T. Contreras,2018,IUCN Freshwater Biodiversity Unit,Extant (seasonality uncertain), , , , , ,T. Contreras McBeath 2014, ,,-106.417,23.167
725623,155130,Caranx sexfasciatus,1,1,5,T. Contreras,2018,IUCN Freshwater Biodiversity Unit,Extant (seasonality uncertain), , , , , ,T. Contreras McBeath 2014, ,,-106.416664,23.183332
725623,155130,Caranx sexfasciatus,1,1,5,T. Contreras,2018,IUCN Freshwater Biodiversity Unit,Extant (seasonality uncertain), , , , , ,T. Contreras McBeath 2014, ,,-106.2,21.3
725623,155130,Caranx sexfasciatus,1,1,5,T. Contreras,2018,IUCN Freshwater Biodiversity Unit,Extant (seasonality uncertain), , , , , ,T. Contreras McBeath 2014, ,,-105.301,20.6542
725623,155130,Caranx sexfasciatus,1,1,5,T. Contreras,2018,IUCN Freshwater Biodiversity Unit,Extant (seasonality uncertain), , , , , ,T. Contreras McBeath 2014, ,,-105.211,19.633
725623,155130,Caranx sexfasciatus,1,1,5,T. Contreras,2018,IUCN Freshwater Biodiversity Unit,Extant (seasonality uncertain), , , , , ,T. Contreras McBeath 2014, ,,-105.21083,19.633333
725623,155130,Caranx sexfasciatus,1,1,5,T. Contreras,2018,IUCN Freshwater Biodiversity Unit,Extant (seasonality uncertain), , , , , ,T. Contreras McBeath 2014, ,,-105.125275,19.580555
725623,155130,Caranx sexfasciatus,1,1,5,T. Contreras,2018,IUCN Freshwater Biodiversity Unit,Extant (seasonality uncertain), , , , , ,T. Contreras McBeath 2014, ,,-105.125,19.581
725623,155130,Caranx sexfasciatus,1,1,5,T. Contreras,2018,IUCN Freshwater Biodiversity Unit,Extant (seasonality uncertain), , , , , ,T. Contreras McBeath 2014, ,,-105.117,19.55
725623,155130,Caranx sexfasciatus,1,1,5,T. Contreras,2018,IUCN Freshwater Biodiversity Unit,Extant (seasonality uncertain), , , , , ,T. Contreras McBeath 2014, ,,-105.105,19.563
725623,155130,Caranx sexfasciatus,1,1,5,T. Contreras,2018,IUCN Freshwater Biodiversity Unit,Extant (seasonality uncertain), , , , , ,T. Contreras McBeath 2014, ,,-105.10472,19.563055
725623,155130,Caranx sexfasciatus,1,1,5,T. Contreras,2018,IUCN Freshwater Biodiversity Unit,Extant (seasonality uncertain), , , , , ,T. Contreras McBeath 2014, ,,-105.08833,19.554445
725623,155130,Caranx sexfasciatus,1,1,5,T. Contreras,2018,IUCN Freshwater Biodiversity Unit,Extant (seasonality uncertain), , , , , ,T. Contreras McBeath 2014, ,,-105.088,19.554
725623,155130,Caranx sexfasciatus,1,1,5,T. Contreras,2018,IUCN Freshwater Biodiversity Unit,Extant (seasonality uncertain), , , , , ,T. Contreras McBeath 2014, ,,-105.086,19.522
725623,155130,Caranx sexfasciatus,1,1,5,T. Contreras,2018,IUCN Freshwater Biodiversity Unit,Extant (seasonality uncertain), , , , , ,T. Contreras McBeath 2014, ,,-105.085556,19.521944
725623,155130,Caranx sexfasciatus,1,1,5,T. Contreras,2018,IUCN Freshwater Biodiversity Unit,Extant (seasonality uncertain), , , , , ,T. Contreras McBeath 2014, ,,-104.69,19.1872
725623,155130,Caranx sexfasciatus,1,1,5,T. Contreras,2018,IUCN Freshwater Biodiversity Unit,Extant (seasonality uncertain), , , , , ,T. Contreras McBeath 2014, ,,-104.364,19.0781
725623,155130,Caranx sexfasciatus,1,1,5,T. Contreras,2018,IUCN Freshwater Biodiversity Unit,Extant (seasonality uncertain), , , , , ,T. Contreras McBeath 2014, ,,-104.333,19.0333
725623,155130,Caranx sexfasciatus,1,1,5,T. Contreras,2018,IUCN Freshwater Biodiversity Unit,Extant (seasonality uncertain), , , , , ,T. Contreras McBeath 2014, ,,-104.32,19.0622
725623,155130,Caranx sexfasciatus,1,1,5,T. Contreras,2018,IUCN Freshwater Biodiversity Unit,Extant (seasonality uncertain), , , , , ,T. Contreras McBeath 2014, ,,-104.25,19.067
725623,155130,Caranx sexfasciatus,1,1,5,T. Contreras,2018,IUCN Freshwater Biodiversity Unit,Extant (seasonality uncertain), , , , , ,T. Contreras McBeath 2014, ,,-101.667,17.667
725623,155130,Caranx sexfasciatus,1,1,5,T. Contreras,2018,IUCN Freshwater Biodiversity Unit,Extant (seasonality uncertain), , , , , ,T. Contreras McBeath 2014, ,,-101.6,17.7
725623,155130,Caranx sexfasciatus,1,1,5,T. Contreras,2018,IUCN Freshwater Biodiversity Unit,Extant (seasonality uncertain), , , , , ,T. Contreras McBeath 2014, ,,-101.567,17.6333
725623,155130,Caranx sexfasciatus,1,1,5,T. Contreras,2018,IUCN Freshwater Biodiversity Unit,Extant (seasonality uncertain), , , , , ,T. Contreras McBeath 2014, ,,-101.557,17.63
725623,155130,Caranx sexfasciatus,1,1,5,T. Contreras,2018,IUCN Freshwater Biodiversity Unit,Extant (seasonality uncertain), , , , , ,T. Contreras McBeath 2014, ,,-101.55666,17.630278
725623,155130,Caranx sexfasciatus,1,1,5,T. Contreras,2018,IUCN Freshwater Biodiversity Unit,Extant (seasonality uncertain), , , , , ,T. Contreras McBeath 2014, ,,-100.767,16.9667
725623,155130,Caranx sexfasciatus,1,1,5,T. Contreras,2018,IUCN Freshwater Biodiversity Unit,Extant (seasonality uncertain), , , , , ,T. Contreras McBeath 2014, ,,-100,16
725623,155130,Caranx sexfasciatus,1,1,5,T. Contreras,2018,IUCN Freshwater Biodiversity Unit,Extant (seasonality uncertain), , , , , ,T. Contreras McBeath 2014, ,,-99.967,16.917
725623,155130,Caranx sexfasciatus,1,1,5,T. Contreras,2018,IUCN Freshwater Biodiversity Unit,Extant (seasonality uncertain), , , , , ,T. Contreras McBeath 2014, ,,-92.5133,14.8417
725623,155130,Caranx sexfasciatus,1,1,5,T. Contreras,2018,IUCN Freshwater Biodiversity Unit,Extant (seasonality uncertain), , , , , ,T. Contreras McBeath 2014, ,,23.0333,-34.0333
725623,155130,Caranx sexfasciatus,1,1,5,T. Contreras,2018,IUCN Freshwater Biodiversity Unit,Extant (seasonality uncertain), , , , , ,T. Contreras McBeath 2014, ,,25.6167,-33.95
725623,155130,Caranx sexfasciatus,1,1,5,T. Contreras,2018,IUCN Freshwater Biodiversity Unit,Extant (seasonality uncertain), , , , , ,T. Contreras McBeath 2014, ,,25.6333,-33.8667
725623,155130,Caranx sexfasciatus,1,1,5,T. Contreras,2018,IUCN Freshwater Biodiversity Unit,Extant (seasonality uncertain), , , , , ,T. Contreras McBeath 2014, ,,25.7,-34.0333
725623,155130,Caranx sexfasciatus,1,1,5,T. Contreras,2018,IUCN Freshwater Biodiversity Unit,Extant (seasonality uncertain), , , , , ,T. Contreras McBeath 2014, ,,25.85,-33.7167
725623,155130,Caranx sexfasciatus,1,1,5,T. Contreras,2018,IUCN Freshwater Biodiversity Unit,Extant (seasonality uncertain), , , , , ,T. Contreras McBeath 2014, ,,26.6833,-33.6833
725623,155130,Caranx sexfasciatus,1,1,5,T. Contreras,2018,IUCN Freshwater Biodiversity Unit,Extant (seasonality uncertain), , , , , ,T. Contreras McBeath 2014, ,,26.9,-33.6
725623,155130,Caranx sexfasciatus,1,1,5,T. Contreras,2018,IUCN Freshwater Biodiversity Unit,Extant (seasonality uncertain), , , , , ,T. Contreras McBeath 2014, ,,27,-33.55
725623,155130,Caranx sexfasciatus,1,1,5,T. Contreras,2018,IUCN Freshwater Biodiversity Unit,Extant (seasonality uncertain), , , , , ,T. Contreras McBeath 2014, ,,27.1,-33.5167
725623,155130,Caranx sexfasciatus,1,1,5,T. Contreras,2018,IUCN Freshwater Biodiversity Unit,Extant (seasonality uncertain), , , , , ,T. Contreras McBeath 2014, ,,27.1333,-33.5
725623,155130,Caranx sexfasciatus,1,1,5,T. Contreras,2018,IUCN Freshwater Biodiversity Unit,Extant (seasonality uncertain), , , , , ,T. Contreras McBeath 2014, ,,27.5833,-33.2167
725623,155130,Caranx sexfasciatus,1,1,5,T. Contreras,2018,IUCN Freshwater Biodiversity Unit,Extant (seasonality uncertain), , , , , ,T. Contreras McBeath 2014, ,,27.9,-33.0333
725623,155130,Caranx sexfasciatus,1,1,5,T. Contreras,2018,IUCN Freshwater Biodiversity Unit,Extant (seasonality uncertain), , , , , ,T. Contreras McBeath 2014, ,,27.9167,-32.4667
725623,155130,Caranx sexfasciatus,1,1,5,T. Contreras,2018,IUCN Freshwater Biodiversity Unit,Extant (seasonality uncertain), , , , , ,T. Contreras McBeath 2014, ,,28.3833,-32.6667
725623,155130,Caranx sexfasciatus,1,1,5,T. Contreras,2018,IUCN Freshwater Biodiversity Unit,Extant (seasonality uncertain), , , , , ,T. Contreras McBeath 2014, ,,28.7667,-32.1333
725623,155130,Caranx sexfasciatus,1,1,5,T. Contreras,2018,IUCN Freshwater Biodiversity Unit,Extant (seasonality uncertain), , , , , ,T. Contreras McBeath 2014, ,,29.1333,-31.9167
725623,155130,Caranx sexfasciatus,1,1,5,T. Contreras,2018,IUCN Freshwater Biodiversity Unit,Extant (seasonality uncertain), , , , , ,T. Contreras McBeath 2014, ,,29.15,-31.9833
725623,155130,Caranx sexfasciatus,1,1,5,T. Contreras,2018,IUCN Freshwater Biodiversity Unit,Extant (seasonality uncertain), , , , , ,T. Contreras McBeath 2014, ,,29.1667,-31.9667
725623,155130,Caranx sexfasciatus,1,1,5,T. Contreras,2018,IUCN Freshwater Biodiversity Unit,Extant (seasonality uncertain), , , , , ,T. Contreras McBeath 2014, ,,29.4111,-31.6895
725623,155130,Caranx sexfasciatus,1,1,5,T. Contreras,2018,IUCN Freshwater Biodiversity Unit,Extant (seasonality uncertain), , , , , ,T. Contreras McBeath 2014, ,,29.4233,-31.6914
725623,155130,Caranx sexfasciatus,1,1,5,T. Contreras,2018,IUCN Freshwater Biodiversity Unit,Extant (seasonality uncertain), , , , , ,T. Contreras McBeath 2014, ,,30.0333,-29.8
725623,155130,Caranx sexfasciatus,1,1,5,T. Contreras,2018,IUCN Freshwater Biodiversity Unit,Extant (seasonality uncertain), , , , , ,T. Contreras McBeath 2014, ,,30.2333,-31
725623,155130,Caranx sexfasciatus,1,1,5,T. Contreras,2018,IUCN Freshwater Biodiversity Unit,Extant (seasonality uncertain), , , , , ,T. Contreras McBeath 2014, ,,30.2817,-30.9717
725623,155130,Caranx sexfasciatus,1,1,5,T. Contreras,2018,IUCN Freshwater Biodiversity Unit,Extant (seasonality uncertain), , , , , ,T. Contreras McBeath 2014, ,,30.4129,-30.8067
725623,155130,Caranx sexfasciatus,1,1,5,T. Contreras,2018,IUCN Freshwater Biodiversity Unit,Extant (seasonality uncertain), , , , , ,T. Contreras McBeath 2014, ,,30.5,-29.2167
725623,155130,Caranx sexfasciatus,1,1,5,T. Contreras,2018,IUCN Freshwater Biodiversity Unit,Extant (seasonality uncertain), , , , , ,T. Contreras McBeath 2014, ,,30.8,-30.2
725623,155130,Caranx sexfasciatus,1,1,5,T. Contreras,2018,IUCN Freshwater Biodiversity Unit,Extant (seasonality uncertain), , , , , ,T. Contreras McBeath 2014, ,,30.8667,-30.0833
725623,155130,Caranx sexfasciatus,1,1,5,T. Contreras,2018,IUCN Freshwater Biodiversity Unit,Extant (seasonality uncertain), , , , , ,T. Contreras McBeath 2014, ,,30.95,-29.9833
725623,155130,Caranx sexfasciatus,1,1,5,T. Contreras,2018,IUCN Freshwater Biodiversity Unit,Extant (seasonality uncertain), , , , , ,T. Contreras McBeath 2014, ,,31,-29.85
725623,155130,Caranx sexfasciatus,1,1,5,T. Contreras,2018,IUCN Freshwater Biodiversity Unit,Extant (seasonality uncertain), , , , , ,T. Contreras McBeath 2014, ,,31.05,-29.8667
725623,155130,Caranx sexfasciatus,1,1,5,T. Contreras,2018,IUCN Freshwater Biodiversity Unit,Extant (seasonality uncertain), , , , , ,T. Contreras McBeath 2014, ,,31.058,-29.871
725623,155130,Caranx sexfasciatus,1,1,5,T. Contreras,2018,IUCN Freshwater Biodiversity Unit,Extant (seasonality uncertain), , , , , ,T. Contreras McBeath 2014, ,,31.5,-29.2167
725623,155130,Caranx sexfasciatus,1,1,5,T. Contreras,2018,IUCN Freshwater Biodiversity Unit,Extant (seasonality uncertain), , , , , ,T. Contreras McBeath 2014, ,,31.5333,-29.05
725623,155130,Caranx sexfasciatus,1,1,5,T. Contreras,2018,IUCN Freshwater Biodiversity Unit,Extant (seasonality uncertain), , , , , ,T. Contreras McBeath 2014, ,,31.6333,-29.0833
725623,155130,Caranx sexfasciatus,1,1,5,T. Contreras,2018,IUCN Freshwater Biodiversity Unit,Extant (seasonality uncertain), , , , , ,T. Contreras McBeath 2014, ,,31.6847,-28.9194
725623,155130,Caranx sexfasciatus,1,1,5,T. Contreras,2018,IUCN Freshwater Biodiversity Unit,Extant (seasonality uncertain), , , , , ,T. Contreras McBeath 2014, ,,31.7611,-28.9667
725623,155130,Caranx sexfasciatus,1,1,5,T. Contreras,2018,IUCN Freshwater Biodiversity Unit,Extant (seasonality uncertain), , , , , ,T. Contreras McBeath 2014, ,,31.78,-28.95
725623,155130,Caranx sexfasciatus,1,1,5,T. Contreras,2018,IUCN Freshwater Biodiversity Unit,Extant (seasonality uncertain), , , , , ,T. Contreras McBeath 2014, ,,32.1,-28.8
725623,155130,Caranx sexfasciatus,1,1,5,T. Contreras,2018,IUCN Freshwater Biodiversity Unit,Extant (seasonality uncertain), , , , , ,T. Contreras McBeath 2014, ,,32.2583,-28.6583
725623,155130,Caranx sexfasciatus,1,1,5,T. Contreras,2018,IUCN Freshwater Biodiversity Unit,Extant (seasonality uncertain), , , , , ,T. Contreras McBeath 2014, ,,32.4,-28.3667
725623,155130,Caranx sexfasciatus,1,1,5,T. Contreras,2018,IUCN Freshwater Biodiversity Unit,Extant (seasonality uncertain), , , , , ,T. Contreras McBeath 2014, ,,32.5833,-25.9667
725623,155130,Caranx sexfasciatus,1,1,5,T. Contreras,2018,IUCN Freshwater Biodiversity Unit,Extant (seasonality uncertain), , , , , ,T. Contreras McBeath 2014, ,,32.6,-27.9167
725623,155130,Caranx sexfasciatus,1,1,5,T. Contreras,2018,IUCN Freshwater Biodiversity Unit,Extant (seasonality uncertain), , , , , ,T. Contreras McBeath 2014, ,,32.6833,-27.5333
725623,155130,Caranx sexfasciatus,1,1,5,T. Contreras,2018,IUCN Freshwater Biodiversity Unit,Extant (seasonality uncertain), , , , , ,T. Contreras McBeath 2014, ,,32.6833,-27.5167
725623,155130,Caranx sexfasciatus,1,1,5,T. Contreras,2018,IUCN Freshwater Biodiversity Unit,Extant (seasonality uncertain), , , , , ,T. Contreras McBeath 2014, ,,32.7,-27.3667
725623,155130,Caranx sexfasciatus,1,1,5,T. Contreras,2018,IUCN Freshwater Biodiversity Unit,Extant (seasonality uncertain), , , , , ,T. Contreras McBeath 2014, ,,32.7833,-25.9833
725623,155130,Caranx sexfasciatus,1,1,5,T. Contreras,2018,IUCN Freshwater Biodiversity Unit,Extant (seasonality uncertain), , , , , ,T. Contreras McBeath 2014, ,,32.8667,-26.8833
725623,155130,Caranx sexfasciatus,1,1,5,T. Contreras,2018,IUCN Freshwater Biodiversity Unit,Extant (seasonality uncertain), , , , , ,T. Contreras McBeath 2014, ,,32.9333,-26.45
725623,155130,Caranx sexfasciatus,1,1,5,T. Contreras,2018,IUCN Freshwater Biodiversity Unit,Extant (seasonality uncertain), , , , , ,T. Contreras McBeath 2014, ,,32.95,-26.9167
725623,155130,Caranx sexfasciatus,1,1,5,T. Contreras,2018,IUCN Freshwater Biodiversity Unit,Extant (seasonality uncertain), , , , , ,T. Contreras McBeath 2014, ,,34.8667,-19.8167
725623,155130,Caranx sexfasciatus,1,1,5,T. Contreras,2018,IUCN Freshwater Biodiversity Unit,Extant (seasonality uncertain), , , , , ,T. Contreras McBeath 2014, ,,35.35,-23.6667
725623,155130,Caranx sexfasciatus,1,1,5,T. Contreras,2018,IUCN Freshwater Biodiversity Unit,Extant (seasonality uncertain), , , , , ,T. Contreras McBeath 2014, ,,37.2167,19.6167
725623,155130,Caranx sexfasciatus,1,1,5,T. Contreras,2018,IUCN Freshwater Biodiversity Unit,Extant (seasonality uncertain), , , , , ,T. Contreras McBeath 2014, ,,37.58,21.5
725623,155130,Caranx sexfasciatus,1,1,5,T. Contreras,2018,IUCN Freshwater Biodiversity Unit,Extant (seasonality uncertain), , , , , ,T. Contreras McBeath 2014, ,,37.5833,21.5
725623,155130,Caranx sexfasciatus,1,1,5,T. Contreras,2018,IUCN Freshwater Biodiversity Unit,Extant (seasonality uncertain), , , , , ,T. Contreras McBeath 2014, ,,39.2,21.5
725623,155130,Caranx sexfasciatus,1,1,5,T. Contreras,2018,IUCN Freshwater Biodiversity Unit,Extant (seasonality uncertain), , , , , ,T. Contreras McBeath 2014, ,,39.2667,-6.7833
725623,155130,Caranx sexfasciatus,1,1,5,T. Contreras,2018,IUCN Freshwater Biodiversity Unit,Extant (seasonality uncertain), , , , , ,T. Contreras McBeath 2014, ,,40.7667,-14.2167
725623,155130,Caranx sexfasciatus,1,1,5,T. Contreras,2018,IUCN Freshwater Biodiversity Unit,Extant (seasonality uncertain), , , , , ,T. Contreras McBeath 2014, ,,41.9,16.8
725623,155130,Caranx sexfasciatus,1,1,5,T. Contreras,2018,IUCN Freshwater Biodiversity Unit,Extant (seasonality uncertain), , , , , ,T. Contreras McBeath 2014, ,,42.83,11.83
725623,155130,Caranx sexfasciatus,1,1,5,T. Contreras,2018,IUCN Freshwater Biodiversity Unit,Extant (seasonality uncertain), , , , , ,T. Contreras McBeath 2014, ,,42.8333,11.8333
725623,155130,Caranx sexfasciatus,1,1,5,T. Contreras,2018,IUCN Freshwater Biodiversity Unit,Extant (seasonality uncertain), , , , , ,T. Contreras McBeath 2014, ,,43,-17
725623,155130,Caranx sexfasciatus,1,1,5,T. Contreras,2018,IUCN Freshwater Biodiversity Unit,Extant (seasonality uncertain), , , , , ,T. Contreras McBeath 2014, ,,43.2333,-17.3167
725623,155130,Caranx sexfasciatus,1,1,5,T. Contreras,2018,IUCN Freshwater Biodiversity Unit,Extant (seasonality uncertain), , , , , ,T. Contreras McBeath 2014, ,,43.2917,-11.3761
725623,155130,Caranx sexfasciatus,1,1,5,T. Contreras,2018,IUCN Freshwater Biodiversity Unit,Extant (seasonality uncertain), , , , , ,T. Contreras McBeath 2014, ,,43.45,12.25
725623,155130,Caranx sexfasciatus,1,1,5,T. Contreras,2018,IUCN Freshwater Biodiversity Unit,Extant (seasonality uncertain), , , , , ,T. Contreras McBeath 2014, ,,43.5167,-23.3333
725623,155130,Caranx sexfasciatus,1,1,5,T. Contreras,2018,IUCN Freshwater Biodiversity Unit,Extant (seasonality uncertain), , , , , ,T. Contreras McBeath 2014, ,,43.52,-23.33
725623,155130,Caranx sexfasciatus,1,1,5,T. Contreras,2018,IUCN Freshwater Biodiversity Unit,Extant (seasonality uncertain), , , , , ,T. Contreras McBeath 2014, ,,43.83,-23.42
725623,155130,Caranx sexfasciatus,1,1,5,T. Contreras,2018,IUCN Freshwater Biodiversity Unit,Extant (seasonality uncertain), , , , , ,T. Contreras McBeath 2014, ,,43.8333,-23.4167
725623,155130,Caranx sexfasciatus,1,1,5,T. Contreras,2018,IUCN Freshwater Biodiversity Unit,Extant (seasonality uncertain), , , , , ,T. Contreras McBeath 2014, ,,44.9717,-11.7728
725623,155130,Caranx sexfasciatus,1,1,5,T. Contreras,2018,IUCN Freshwater Biodiversity Unit,Extant (seasonality uncertain), , , , , ,T. Contreras McBeath 2014, ,,45.1667,-12.9167
725623,155130,Caranx sexfasciatus,1,1,5,T. Contreras,2018,IUCN Freshwater Biodiversity Unit,Extant (seasonality uncertain), , , , , ,T. Contreras McBeath 2014, ,,45.17,-12.92
725623,155130,Caranx sexfasciatus,1,1,5,T. Contreras,2018,IUCN Freshwater Biodiversity Unit,Extant (seasonality uncertain), , , , , ,T. Contreras McBeath 2014, ,,48,-13.5
725623,155130,Caranx sexfasciatus,1,1,5,T. Contreras,2018,IUCN Freshwater Biodiversity Unit,Extant (seasonality uncertain), , , , , ,T. Contreras McBeath 2014, ,,48.1861,-13.3653
725623,155130,Caranx sexfasciatus,1,1,5,T. Contreras,2018,IUCN Freshwater Biodiversity Unit,Extant (seasonality uncertain), , , , , ,T. Contreras McBeath 2014, ,,49.4167,-18
725623,155130,Caranx sexfasciatus,1,1,5,T. Contreras,2018,IUCN Freshwater Biodiversity Unit,Extant (seasonality uncertain), , , , , ,T. Contreras McBeath 2014, ,,50.55,26
725623,155130,Caranx sexfasciatus,1,1,5,T. Contreras,2018,IUCN Freshwater Biodiversity Unit,Extant (seasonality uncertain), , , , , ,T. Contreras McBeath 2014, ,,54.5333,-3.95
725623,155130,Caranx sexfasciatus,1,1,5,T. Contreras,2018,IUCN Freshwater Biodiversity Unit,Extant (seasonality uncertain), , , , , ,T. Contreras McBeath 2014, ,,55.397,-4.6607
725623,155130,Caranx sexfasciatus,1,1,5,T. Contreras,2018,IUCN Freshwater Biodiversity Unit,Extant (seasonality uncertain), , , , , ,T. Contreras McBeath 2014, ,,55.4056,-4.6614
725623,155130,Caranx sexfasciatus,1,1,5,T. Contreras,2018,IUCN Freshwater Biodiversity Unit,Extant (seasonality uncertain), , , , , ,T. Contreras McBeath 2014, ,,55.45,-4.61667
725623,155130,Caranx sexfasciatus,1,1,5,T. Contreras,2018,IUCN Freshwater Biodiversity Unit,Extant (seasonality uncertain), , , , , ,T. Contreras McBeath 2014, ,,55.4625,-4.63278
725623,155130,Caranx sexfasciatus,1,1,5,T. Contreras,2018,IUCN Freshwater Biodiversity Unit,Extant (seasonality uncertain), , , , , ,T. Contreras McBeath 2014, ,,55.8333,-4.35
725623,155130,Caranx sexfasciatus,1,1,5,T. Contreras,2018,IUCN Freshwater Biodiversity Unit,Extant (seasonality uncertain), , , , , ,T. Contreras McBeath 2014, ,,56.4483,-4.67278
725623,155130,Caranx sexfasciatus,1,1,5,T. Contreras,2018,IUCN Freshwater Biodiversity Unit,Extant (seasonality uncertain), , , , , ,T. Contreras McBeath 2014, ,,57.3,-20.4667
725623,155130,Caranx sexfasciatus,1,1,5,T. Contreras,2018,IUCN Freshwater Biodiversity Unit,Extant (seasonality uncertain), , , , , ,T. Contreras McBeath 2014, ,,57.3333,-20.2
725623,155130,Caranx sexfasciatus,1,1,5,T. Contreras,2018,IUCN Freshwater Biodiversity Unit,Extant (seasonality uncertain), , , , , ,T. Contreras McBeath 2014, ,,57.5833,-20.3
725623,155130,Caranx sexfasciatus,1,1,5,T. Contreras,2018,IUCN Freshwater Biodiversity Unit,Extant (seasonality uncertain), , , , , ,T. Contreras McBeath 2014, ,,63.8181,25.1097
725623,155130,Caranx sexfasciatus,1,1,5,T. Contreras,2018,IUCN Freshwater Biodiversity Unit,Extant (seasonality uncertain), , , , , ,T. Contreras McBeath 2014, ,,71.75916,-5.43
725623,155130,Caranx sexfasciatus,1,1,5,T. Contreras,2018,IUCN Freshwater Biodiversity Unit,Extant (seasonality uncertain), , , , , ,T. Contreras McBeath 2014, ,,71.7592,-5.43
725623,155130,Caranx sexfasciatus,1,1,5,T. Contreras,2018,IUCN Freshwater Biodiversity Unit,Extant (seasonality uncertain), , , , , ,T. Contreras McBeath 2014, ,,72,18
725623,155130,Caranx sexfasciatus,1,1,5,T. Contreras,2018,IUCN Freshwater Biodiversity Unit,Extant (seasonality uncertain), , , , , ,T. Contreras McBeath 2014, ,,72.202774,-5.3508334
725623,155130,Caranx sexfasciatus,1,1,5,T. Contreras,2018,IUCN Freshwater Biodiversity Unit,Extant (seasonality uncertain), , , , , ,T. Contreras McBeath 2014, ,,72.2028,-5.35083
725623,155130,Caranx sexfasciatus,1,1,5,T. Contreras,2018,IUCN Freshwater Biodiversity Unit,Extant (seasonality uncertain), , , , , ,T. Contreras McBeath 2014, ,,72.2119,-5.35694
725623,155130,Caranx sexfasciatus,1,1,5,T. Contreras,2018,IUCN Freshwater Biodiversity Unit,Extant (seasonality uncertain), , , , , ,T. Contreras McBeath 2014, ,,72.211945,-5.3569446
725623,155130,Caranx sexfasciatus,1,1,5,T. Contreras,2018,IUCN Freshwater Biodiversity Unit,Extant (seasonality uncertain), , , , , ,T. Contreras McBeath 2014, ,,72.4167,18.25
725623,155130,Caranx sexfasciatus,1,1,5,T. Contreras,2018,IUCN Freshwater Biodiversity Unit,Extant (seasonality uncertain), , , , , ,T. Contreras McBeath 2014, ,,72.4356,-7.59472
725623,155130,Caranx sexfasciatus,1,1,5,T. Contreras,2018,IUCN Freshwater Biodiversity Unit,Extant (seasonality uncertain), , , , , ,T. Contreras McBeath 2014, ,,72.85,18.93
725623,155130,Caranx sexfasciatus,1,1,5,T. Contreras,2018,IUCN Freshwater Biodiversity Unit,Extant (seasonality uncertain), , , , , ,T. Contreras McBeath 2014, ,,72.85,18.9333
725623,155130,Caranx sexfasciatus,1,1,5,T. Contreras,2018,IUCN Freshwater Biodiversity Unit,Extant (seasonality uncertain), , , , , ,T. Contreras McBeath 2014, ,,72.8833,18.95
725623,155130,Caranx sexfasciatus,1,1,5,T. Contreras,2018,IUCN Freshwater Biodiversity Unit,Extant (seasonality uncertain), , , , , ,T. Contreras McBeath 2014, ,,75,10
725623,155130,Caranx sexfasciatus,1,1,5,T. Contreras,2018,IUCN Freshwater Biodiversity Unit,Extant (seasonality uncertain), , , , , ,T. Contreras McBeath 2014, ,,77,8
725623,155130,Caranx sexfasciatus,1,1,5,T. Contreras,2018,IUCN Freshwater Biodiversity Unit,Extant (seasonality uncertain), , , , , ,T. Contreras McBeath 2014, ,,77.2333,8.15
725623,155130,Caranx sexfasciatus,1,1,5,T. Contreras,2018,IUCN Freshwater Biodiversity Unit,Extant (seasonality uncertain), , , , , ,T. Contreras McBeath 2014, ,,77.5333,8.03333
725623,155130,Caranx sexfasciatus,1,1,5,T. Contreras,2018,IUCN Freshwater Biodiversity Unit,Extant (seasonality uncertain), , , , , ,T. Contreras McBeath 2014, ,,79,7
725623,155130,Caranx sexfasciatus,1,1,5,T. Contreras,2018,IUCN Freshwater Biodiversity Unit,Extant (seasonality uncertain), , , , , ,T. Contreras McBeath 2014, ,,79,9
725623,155130,Caranx sexfasciatus,1,1,5,T. Contreras,2018,IUCN Freshwater Biodiversity Unit,Extant (seasonality uncertain), , , , , ,T. Contreras McBeath 2014, ,,79.1667,9.33333
725623,155130,Caranx sexfasciatus,1,1,5,T. Contreras,2018,IUCN Freshwater Biodiversity Unit,Extant (seasonality uncertain), , , , , ,T. Contreras McBeath 2014, ,,79.83,11.98
725623,155130,Caranx sexfasciatus,1,1,5,T. Contreras,2018,IUCN Freshwater Biodiversity Unit,Extant (seasonality uncertain), , , , , ,T. Contreras McBeath 2014, ,,79.8333,11.9833
725623,155130,Caranx sexfasciatus,1,1,5,T. Contreras,2018,IUCN Freshwater Biodiversity Unit,Extant (seasonality uncertain), , , , , ,T. Contreras McBeath 2014, ,,81.2243,8.6
725623,155130,Caranx sexfasciatus,1,1,5,T. Contreras,2018,IUCN Freshwater Biodiversity Unit,Extant (seasonality uncertain), , , , , ,T. Contreras McBeath 2014, ,,83.433,17.883
725623,155130,Caranx sexfasciatus,1,1,5,T. Contreras,2018,IUCN Freshwater Biodiversity Unit,Extant (seasonality uncertain), , , , , ,T. Contreras McBeath 2014, ,,85.3333,19.75
725623,155130,Caranx sexfasciatus,1,1,5,T. Contreras,2018,IUCN Freshwater Biodiversity Unit,Extant (seasonality uncertain), , , , , ,T. Contreras McBeath 2014, ,,85.3333,19.7667
725623,155130,Caranx sexfasciatus,1,1,5,T. Contreras,2018,IUCN Freshwater Biodiversity Unit,Extant (seasonality uncertain), , , , , ,T. Contreras McBeath 2014, ,,85.824,19.796
725623,155130,Caranx sexfasciatus,1,1,5,T. Contreras,2018,IUCN Freshwater Biodiversity Unit,Extant (seasonality uncertain), , , , , ,T. Contreras McBeath 2014, ,,93.5,8
725623,155130,Caranx sexfasciatus,1,1,5,T. Contreras,2018,IUCN Freshwater Biodiversity Unit,Extant (seasonality uncertain), , , , , ,T. Contreras McBeath 2014, ,,94.5083,17.7825
725623,155130,Caranx sexfasciatus,1,1,5,T. Contreras,2018,IUCN Freshwater Biodiversity Unit,Extant (seasonality uncertain), , , , , ,T. Contreras McBeath 2014, ,,94.6111,17.4872
725623,155130,Caranx sexfasciatus,1,1,5,T. Contreras,2018,IUCN Freshwater Biodiversity Unit,Extant (seasonality uncertain), , , , , ,T. Contreras McBeath 2014, ,,96.8833,-12.0833
725623,155130,Caranx sexfasciatus,1,1,5,T. Contreras,2018,IUCN Freshwater Biodiversity Unit,Extant (seasonality uncertain), , , , , ,T. Contreras McBeath 2014, ,,97.83,1
725623,155130,Caranx sexfasciatus,1,1,5,T. Contreras,2018,IUCN Freshwater Biodiversity Unit,Extant (seasonality uncertain), , , , , ,T. Contreras McBeath 2014, ,,97.8333,1
725623,155130,Caranx sexfasciatus,1,1,5,T. Contreras,2018,IUCN Freshwater Biodiversity Unit,Extant (seasonality uncertain), , , , , ,T. Contreras McBeath 2014, ,,97.8917,0.683333
725623,155130,Caranx sexfasciatus,1,1,5,T. Contreras,2018,IUCN Freshwater Biodiversity Unit,Extant (seasonality uncertain), , , , , ,T. Contreras McBeath 2014, ,,99,10
725623,155130,Caranx sexfasciatus,1,1,5,T. Contreras,2018,IUCN Freshwater Biodiversity Unit,Extant (seasonality uncertain), , , , , ,T. Contreras McBeath 2014, ,,99.2567,10.4428
725623,155130,Caranx sexfasciatus,1,1,5,T. Contreras,2018,IUCN Freshwater Biodiversity Unit,Extant (seasonality uncertain), , , , , ,T. Contreras McBeath 2014, ,,99.2964,10.4417
725623,155130,Caranx sexfasciatus,1,1,5,T. Contreras,2018,IUCN Freshwater Biodiversity Unit,Extant (seasonality uncertain), , , , , ,T. Contreras McBeath 2014, ,,99.3458,10.3792
725623,155130,Caranx sexfasciatus,1,1,5,T. Contreras,2018,IUCN Freshwater Biodiversity Unit,Extant (seasonality uncertain), , , , , ,T. Contreras McBeath 2014, ,,99.8175,10.1083
725623,155130,Caranx sexfasciatus,1,1,5,T. Contreras,2018,IUCN Freshwater Biodiversity Unit,Extant (seasonality uncertain), , , , , ,T. Contreras McBeath 2014, ,,100,12
725623,155130,Caranx sexfasciatus,1,1,5,T. Contreras,2018,IUCN Freshwater Biodiversity Unit,Extant (seasonality uncertain), , , , , ,T. Contreras McBeath 2014, ,,100,12.2083
725623,155130,Caranx sexfasciatus,1,1,5,T. Contreras,2018,IUCN Freshwater Biodiversity Unit,Extant (seasonality uncertain), , , , , ,T. Contreras McBeath 2014, ,,100,13.0083
725623,155130,Caranx sexfasciatus,1,1,5,T. Contreras,2018,IUCN Freshwater Biodiversity Unit,Extant (seasonality uncertain), , , , , ,T. Contreras McBeath 2014, ,,100.046,11.8167
725623,155130,Caranx sexfasciatus,1,1,5,T. Contreras,2018,IUCN Freshwater Biodiversity Unit,Extant (seasonality uncertain), , , , , ,T. Contreras McBeath 2014, ,,100.577,7.225
725623,155130,Caranx sexfasciatus,1,1,5,T. Contreras,2018,IUCN Freshwater Biodiversity Unit,Extant (seasonality uncertain), , , , , ,T. Contreras McBeath 2014, ,,100.588,7.34583
725623,155130,Caranx sexfasciatus,1,1,5,T. Contreras,2018,IUCN Freshwater Biodiversity Unit,Extant (seasonality uncertain), , , , , ,T. Contreras McBeath 2014, ,,100.785,12.9333
725623,155130,Caranx sexfasciatus,1,1,5,T. Contreras,2018,IUCN Freshwater Biodiversity Unit,Extant (seasonality uncertain), , , , , ,T. Contreras McBeath 2014, ,,101.446,12.5272
725623,155130,Caranx sexfasciatus,1,1,5,T. Contreras,2018,IUCN Freshwater Biodiversity Unit,Extant (seasonality uncertain), , , , , ,T. Contreras McBeath 2014, ,,102.23,2.23
725623,155130,Caranx sexfasciatus,1,1,5,T. Contreras,2018,IUCN Freshwater Biodiversity Unit,Extant (seasonality uncertain), , , , , ,T. Contreras McBeath 2014, ,,102.233,2.23333
725623,155130,Caranx sexfasciatus,1,1,5,T. Contreras,2018,IUCN Freshwater Biodiversity Unit,Extant (seasonality uncertain), , , , , ,T. Contreras McBeath 2014, ,,102.85,10.9333
725623,155130,Caranx sexfasciatus,1,1,5,T. Contreras,2018,IUCN Freshwater Biodiversity Unit,Extant (seasonality uncertain), , , , , ,T. Contreras McBeath 2014, ,,103.183,1.16667
725623,155130,Caranx sexfasciatus,1,1,5,T. Contreras,2018,IUCN Freshwater Biodiversity Unit,Extant (seasonality uncertain), , , , , ,T. Contreras McBeath 2014, ,,103.38,10.52
725623,155130,Caranx sexfasciatus,1,1,5,T. Contreras,2018,IUCN Freshwater Biodiversity Unit,Extant (seasonality uncertain), , , , , ,T. Contreras McBeath 2014, ,,103.383,10.5167
725623,155130,Caranx sexfasciatus,1,1,5,T. Contreras,2018,IUCN Freshwater Biodiversity Unit,Extant (seasonality uncertain), , , , , ,T. Contreras McBeath 2014, ,,106.6,8.66667
725623,155130,Caranx sexfasciatus,1,1,5,T. Contreras,2018,IUCN Freshwater Biodiversity Unit,Extant (seasonality uncertain), , , , , ,T. Contreras McBeath 2014, ,,107.065,20.783056
725623,155130,Caranx sexfasciatus,1,1,5,T. Contreras,2018,IUCN Freshwater Biodiversity Unit,Extant (seasonality uncertain), , , , , ,T. Contreras McBeath 2014, ,,107.065,20.7831
725623,155130,Caranx sexfasciatus,1,1,5,T. Contreras,2018,IUCN Freshwater Biodiversity Unit,Extant (seasonality uncertain), , , , , ,T. Contreras McBeath 2014, ,,107.78,8.22
725623,155130,Caranx sexfasciatus,1,1,5,T. Contreras,2018,IUCN Freshwater Biodiversity Unit,Extant (seasonality uncertain), , , , , ,T. Contreras McBeath 2014, ,,114.083,-21.85
725623,155130,Caranx sexfasciatus,1,1,5,T. Contreras,2018,IUCN Freshwater Biodiversity Unit,Extant (seasonality uncertain), , , , , ,T. Contreras McBeath 2014, ,,114.603,4.76778
725623,155130,Caranx sexfasciatus,1,1,5,T. Contreras,2018,IUCN Freshwater Biodiversity Unit,Extant (seasonality uncertain), , , , , ,T. Contreras McBeath 2014, ,,114.616,4.78583
725623,155130,Caranx sexfasciatus,1,1,5,T. Contreras,2018,IUCN Freshwater Biodiversity Unit,Extant (seasonality uncertain), , , , , ,T. Contreras McBeath 2014, ,,115.1,-21.6333
725623,155130,Caranx sexfasciatus,1,1,5,T. Contreras,2018,IUCN Freshwater Biodiversity Unit,Extant (seasonality uncertain), , , , , ,T. Contreras McBeath 2014, ,,116.617,-20.0833
725623,155130,Caranx sexfasciatus,1,1,5,T. Contreras,2018,IUCN Freshwater Biodiversity Unit,Extant (seasonality uncertain), , , , , ,T. Contreras McBeath 2014, ,,116.833,-1.25
725623,155130,Caranx sexfasciatus,1,1,5,T. Contreras,2018,IUCN Freshwater Biodiversity Unit,Extant (seasonality uncertain), , , , , ,T. Contreras McBeath 2014, ,,117.717,-20
725623,155130,Caranx sexfasciatus,1,1,5,T. Contreras,2018,IUCN Freshwater Biodiversity Unit,Extant (seasonality uncertain), , , , , ,T. Contreras McBeath 2014, ,,118.255,-19.474165
725623,155130,Caranx sexfasciatus,1,1,5,T. Contreras,2018,IUCN Freshwater Biodiversity Unit,Extant (seasonality uncertain), , , , , ,T. Contreras McBeath 2014, ,,118.4,24.45
725623,155130,Caranx sexfasciatus,1,1,5,T. Contreras,2018,IUCN Freshwater Biodiversity Unit,Extant (seasonality uncertain), , , , , ,T. Contreras McBeath 2014, ,,119.3295,-17.382
725623,155130,Caranx sexfasciatus,1,1,5,T. Contreras,2018,IUCN Freshwater Biodiversity Unit,Extant (seasonality uncertain), , , , , ,T. Contreras McBeath 2014, ,,119.333,26.1167
725623,155130,Caranx sexfasciatus,1,1,5,T. Contreras,2018,IUCN Freshwater Biodiversity Unit,Extant (seasonality uncertain), , , , , ,T. Contreras McBeath 2014, ,,119.402,4.667
725623,155130,Caranx sexfasciatus,1,1,5,T. Contreras,2018,IUCN Freshwater Biodiversity Unit,Extant (seasonality uncertain), , , , , ,T. Contreras McBeath 2014, ,,119.56,23.57
725623,155130,Caranx sexfasciatus,1,1,5,T. Contreras,2018,IUCN Freshwater Biodiversity Unit,Extant (seasonality uncertain), , , , , ,T. Contreras McBeath 2014, ,,119.883,16.3833
725623,155130,Caranx sexfasciatus,1,1,5,T. Contreras,2018,IUCN Freshwater Biodiversity Unit,Extant (seasonality uncertain), , , , , ,T. Contreras McBeath 2014, ,,119.892,16.395
725623,155130,Caranx sexfasciatus,1,1,5,T. Contreras,2018,IUCN Freshwater Biodiversity Unit,Extant (seasonality uncertain), , , , , ,T. Contreras McBeath 2014, ,,119.979,16.156
725623,155130,Caranx sexfasciatus,1,1,5,T. Contreras,2018,IUCN Freshwater Biodiversity Unit,Extant (seasonality uncertain), , , , , ,T. Contreras McBeath 2014, ,,120.099,16.072
725623,155130,Caranx sexfasciatus,1,1,5,T. Contreras,2018,IUCN Freshwater Biodiversity Unit,Extant (seasonality uncertain), , , , , ,T. Contreras McBeath 2014, ,,120.36,24.14
725623,155130,Caranx sexfasciatus,1,1,5,T. Contreras,2018,IUCN Freshwater Biodiversity Unit,Extant (seasonality uncertain), , , , , ,T. Contreras McBeath 2014, ,,120.43,22.47
725623,155130,Caranx sexfasciatus,1,1,5,T. Contreras,2018,IUCN Freshwater Biodiversity Unit,Extant (seasonality uncertain), , , , , ,T. Contreras McBeath 2014, ,,120.46,22.48
725623,155130,Caranx sexfasciatus,1,1,5,T. Contreras,2018,IUCN Freshwater Biodiversity Unit,Extant (seasonality uncertain), , , , , ,T. Contreras McBeath 2014, ,,120.48,14.43
725623,155130,Caranx sexfasciatus,1,1,5,T. Contreras,2018,IUCN Freshwater Biodiversity Unit,Extant (seasonality uncertain), , , , , ,T. Contreras McBeath 2014, ,,120.483,14.4333
725623,155130,Caranx sexfasciatus,1,1,5,T. Contreras,2018,IUCN Freshwater Biodiversity Unit,Extant (seasonality uncertain), , , , , ,T. Contreras McBeath 2014, ,,120.634,14.072
725623,155130,Caranx sexfasciatus,1,1,5,T. Contreras,2018,IUCN Freshwater Biodiversity Unit,Extant (seasonality uncertain), , , , , ,T. Contreras McBeath 2014, ,,120.65,23.38
725623,155130,Caranx sexfasciatus,1,1,5,T. Contreras,2018,IUCN Freshwater Biodiversity Unit,Extant (seasonality uncertain), , , , , ,T. Contreras McBeath 2014, ,,120.68,24.49
725623,155130,Caranx sexfasciatus,1,1,5,T. Contreras,2018,IUCN Freshwater Biodiversity Unit,Extant (seasonality uncertain), , , , , ,T. Contreras McBeath 2014, ,,120.74,22.01
725623,155130,Caranx sexfasciatus,1,1,5,T. Contreras,2018,IUCN Freshwater Biodiversity Unit,Extant (seasonality uncertain), , , , , ,T. Contreras McBeath 2014, ,,121,-8.5
725623,155130,Caranx sexfasciatus,1,1,5,T. Contreras,2018,IUCN Freshwater Biodiversity Unit,Extant (seasonality uncertain), , , , , ,T. Contreras McBeath 2014, ,,121.062,10.882
725623,155130,Caranx sexfasciatus,1,1,5,T. Contreras,2018,IUCN Freshwater Biodiversity Unit,Extant (seasonality uncertain), , , , , ,T. Contreras McBeath 2014, ,,121.088,12.3278
725623,155130,Caranx sexfasciatus,1,1,5,T. Contreras,2018,IUCN Freshwater Biodiversity Unit,Extant (seasonality uncertain), , , , , ,T. Contreras McBeath 2014, ,,121.176,13.408
725623,155130,Caranx sexfasciatus,1,1,5,T. Contreras,2018,IUCN Freshwater Biodiversity Unit,Extant (seasonality uncertain), , , , , ,T. Contreras McBeath 2014, ,,121.22,5.90556
725623,155130,Caranx sexfasciatus,1,1,5,T. Contreras,2018,IUCN Freshwater Biodiversity Unit,Extant (seasonality uncertain), , , , , ,T. Contreras McBeath 2014, ,,121.46,25.13
725623,155130,Caranx sexfasciatus,1,1,5,T. Contreras,2018,IUCN Freshwater Biodiversity Unit,Extant (seasonality uncertain), , , , , ,T. Contreras McBeath 2014, ,,121.56,25.3
725623,155130,Caranx sexfasciatus,1,1,5,T. Contreras,2018,IUCN Freshwater Biodiversity Unit,Extant (seasonality uncertain), , , , , ,T. Contreras McBeath 2014, ,,121.635,14.7656
725623,155130,Caranx sexfasciatus,1,1,5,T. Contreras,2018,IUCN Freshwater Biodiversity Unit,Extant (seasonality uncertain), , , , , ,T. Contreras McBeath 2014, ,,121.67,25.2
725623,155130,Caranx sexfasciatus,1,1,5,T. Contreras,2018,IUCN Freshwater Biodiversity Unit,Extant (seasonality uncertain), , , , , ,T. Contreras McBeath 2014, ,,121.76,25.16
725623,155130,Caranx sexfasciatus,1,1,5,T. Contreras,2018,IUCN Freshwater Biodiversity Unit,Extant (seasonality uncertain), , , , , ,T. Contreras McBeath 2014, ,,121.88,24.95
725623,155130,Caranx sexfasciatus,1,1,5,T. Contreras,2018,IUCN Freshwater Biodiversity Unit,Extant (seasonality uncertain), , , , , ,T. Contreras McBeath 2014, ,,121.93,25.02
725623,155130,Caranx sexfasciatus,1,1,5,T. Contreras,2018,IUCN Freshwater Biodiversity Unit,Extant (seasonality uncertain), , , , , ,T. Contreras McBeath 2014, ,,121.93416,-14.03175
725623,155130,Caranx sexfasciatus,1,1,5,T. Contreras,2018,IUCN Freshwater Biodiversity Unit,Extant (seasonality uncertain), , , , , ,T. Contreras McBeath 2014, ,,121.93468,-14.03178
725623,155130,Caranx sexfasciatus,1,1,5,T. Contreras,2018,IUCN Freshwater Biodiversity Unit,Extant (seasonality uncertain), , , , , ,T. Contreras McBeath 2014, ,,122.083,6.91666
725623,155130,Caranx sexfasciatus,1,1,5,T. Contreras,2018,IUCN Freshwater Biodiversity Unit,Extant (seasonality uncertain), , , , , ,T. Contreras McBeath 2014, ,,122.5,10.7
725623,155130,Caranx sexfasciatus,1,1,5,T. Contreras,2018,IUCN Freshwater Biodiversity Unit,Extant (seasonality uncertain), , , , , ,T. Contreras McBeath 2014, ,,122.57,10.697
725623,155130,Caranx sexfasciatus,1,1,5,T. Contreras,2018,IUCN Freshwater Biodiversity Unit,Extant (seasonality uncertain), , , , , ,T. Contreras McBeath 2014, ,,122.633,-5.46667
725623,155130,Caranx sexfasciatus,1,1,5,T. Contreras,2018,IUCN Freshwater Biodiversity Unit,Extant (seasonality uncertain), , , , , ,T. Contreras McBeath 2014, ,,122.717,-4.85
725623,155130,Caranx sexfasciatus,1,1,5,T. Contreras,2018,IUCN Freshwater Biodiversity Unit,Extant (seasonality uncertain), , , , , ,T. Contreras McBeath 2014, ,,122.917,-5
725623,155130,Caranx sexfasciatus,1,1,5,T. Contreras,2018,IUCN Freshwater Biodiversity Unit,Extant (seasonality uncertain), , , , , ,T. Contreras McBeath 2014, ,,123.31,9.312
725623,155130,Caranx sexfasciatus,1,1,5,T. Contreras,2018,IUCN Freshwater Biodiversity Unit,Extant (seasonality uncertain), , , , , ,T. Contreras McBeath 2014, ,,123.5865,-12.53383
725623,155130,Caranx sexfasciatus,1,1,5,T. Contreras,2018,IUCN Freshwater Biodiversity Unit,Extant (seasonality uncertain), , , , , ,T. Contreras McBeath 2014, ,,124.167,24.3833
725623,155130,Caranx sexfasciatus,1,1,5,T. Contreras,2018,IUCN Freshwater Biodiversity Unit,Extant (seasonality uncertain), , , , , ,T. Contreras McBeath 2014, ,,126.3,-7.76667
725623,155130,Caranx sexfasciatus,1,1,5,T. Contreras,2018,IUCN Freshwater Biodiversity Unit,Extant (seasonality uncertain), , , , , ,T. Contreras McBeath 2014, ,,126.667,-3.33333
725623,155130,Caranx sexfasciatus,1,1,5,T. Contreras,2018,IUCN Freshwater Biodiversity Unit,Extant (seasonality uncertain), , , , , ,T. Contreras McBeath 2014, ,,126.67,-3.33
725623,155130,Caranx sexfasciatus,1,1,5,T. Contreras,2018,IUCN Freshwater Biodiversity Unit,Extant (seasonality uncertain), , , , , ,T. Contreras McBeath 2014, ,,127.4,0.8
725623,155130,Caranx sexfasciatus,1,1,5,T. Contreras,2018,IUCN Freshwater Biodiversity Unit,Extant (seasonality uncertain), , , , , ,T. Contreras McBeath 2014, ,,127.83,-0.83
725623,155130,Caranx sexfasciatus,1,1,5,T. Contreras,2018,IUCN Freshwater Biodiversity Unit,Extant (seasonality uncertain), , , , , ,T. Contreras McBeath 2014, ,,127.833,-0.833333
725623,155130,Caranx sexfasciatus,1,1,5,T. Contreras,2018,IUCN Freshwater Biodiversity Unit,Extant (seasonality uncertain), , , , , ,T. Contreras McBeath 2014, ,,128,-3
725623,155130,Caranx sexfasciatus,1,1,5,T. Contreras,2018,IUCN Freshwater Biodiversity Unit,Extant (seasonality uncertain), , , , , ,T. Contreras McBeath 2014, ,,128,26.5
725623,155130,Caranx sexfasciatus,1,1,5,T. Contreras,2018,IUCN Freshwater Biodiversity Unit,Extant (seasonality uncertain), , , , , ,T. Contreras McBeath 2014, ,,128.1,-3.8
725623,155130,Caranx sexfasciatus,1,1,5,T. Contreras,2018,IUCN Freshwater Biodiversity Unit,Extant (seasonality uncertain), , , , , ,T. Contreras McBeath 2014, ,,128.167,-3.5
725623,155130,Caranx sexfasciatus,1,1,5,T. Contreras,2018,IUCN Freshwater Biodiversity Unit,Extant (seasonality uncertain), , , , , ,T. Contreras McBeath 2014, ,,128.17,-3.5
725623,155130,Caranx sexfasciatus,1,1,5,T. Contreras,2018,IUCN Freshwater Biodiversity Unit,Extant (seasonality uncertain), , , , , ,T. Contreras McBeath 2014, ,,129.55383,-10.134
725623,155130,Caranx sexfasciatus,1,1,5,T. Contreras,2018,IUCN Freshwater Biodiversity Unit,Extant (seasonality uncertain), , , , , ,T. Contreras McBeath 2014, ,,131.76666,2.7166667
725623,155130,Caranx sexfasciatus,1,1,5,T. Contreras,2018,IUCN Freshwater Biodiversity Unit,Extant (seasonality uncertain), , , , , ,T. Contreras McBeath 2014, ,,132.5,-7.5
725623,155130,Caranx sexfasciatus,1,1,5,T. Contreras,2018,IUCN Freshwater Biodiversity Unit,Extant (seasonality uncertain), , , , , ,T. Contreras McBeath 2014, ,,134.13,6.89194
725623,155130,Caranx sexfasciatus,1,1,5,T. Contreras,2018,IUCN Freshwater Biodiversity Unit,Extant (seasonality uncertain), , , , , ,T. Contreras McBeath 2014, ,,134.133,6.89778
725623,155130,Caranx sexfasciatus,1,1,5,T. Contreras,2018,IUCN Freshwater Biodiversity Unit,Extant (seasonality uncertain), , , , , ,T. Contreras McBeath 2014, ,,134.274,7.04611
725623,155130,Caranx sexfasciatus,1,1,5,T. Contreras,2018,IUCN Freshwater Biodiversity Unit,Extant (seasonality uncertain), , , , , ,T. Contreras McBeath 2014, ,,134.275,7.0425
725623,155130,Caranx sexfasciatus,1,1,5,T. Contreras,2018,IUCN Freshwater Biodiversity Unit,Extant (seasonality uncertain), , , , , ,T. Contreras McBeath 2014, ,,134.28,7.045
725623,155130,Caranx sexfasciatus,1,1,5,T. Contreras,2018,IUCN Freshwater Biodiversity Unit,Extant (seasonality uncertain), , , , , ,T. Contreras McBeath 2014, ,,134.412,7.24333
725623,155130,Caranx sexfasciatus,1,1,5,T. Contreras,2018,IUCN Freshwater Biodiversity Unit,Extant (seasonality uncertain), , , , , ,T. Contreras McBeath 2014, ,,134.462,7.33056
725623,155130,Caranx sexfasciatus,1,1,5,T. Contreras,2018,IUCN Freshwater Biodiversity Unit,Extant (seasonality uncertain), , , , , ,T. Contreras McBeath 2014, ,,134.468,7.33944
725623,155130,Caranx sexfasciatus,1,1,5,T. Contreras,2018,IUCN Freshwater Biodiversity Unit,Extant (seasonality uncertain), , , , , ,T. Contreras McBeath 2014, ,,134.47,7.34278
725623,155130,Caranx sexfasciatus,1,1,5,T. Contreras,2018,IUCN Freshwater Biodiversity Unit,Extant (seasonality uncertain), , , , , ,T. Contreras McBeath 2014, ,,134.472,7.33528
725623,155130,Caranx sexfasciatus,1,1,5,T. Contreras,2018,IUCN Freshwater Biodiversity Unit,Extant (seasonality uncertain), , , , , ,T. Contreras McBeath 2014, ,,134.474,7.27694
725623,155130,Caranx sexfasciatus,1,1,5,T. Contreras,2018,IUCN Freshwater Biodiversity Unit,Extant (seasonality uncertain), , , , , ,T. Contreras McBeath 2014, ,,134.489,7.29778
725623,155130,Caranx sexfasciatus,1,1,5,T. Contreras,2018,IUCN Freshwater Biodiversity Unit,Extant (seasonality uncertain), , , , , ,T. Contreras McBeath 2014, ,,134.489,7.29944
725623,155130,Caranx sexfasciatus,1,1,5,T. Contreras,2018,IUCN Freshwater Biodiversity Unit,Extant (seasonality uncertain), , , , , ,T. Contreras McBeath 2014, ,,134.493,7.49333
725623,155130,Caranx sexfasciatus,1,1,5,T. Contreras,2018,IUCN Freshwater Biodiversity Unit,Extant (seasonality uncertain), , , , , ,T. Contreras McBeath 2014, ,,134.498,7.52556
725623,155130,Caranx sexfasciatus,1,1,5,T. Contreras,2018,IUCN Freshwater Biodiversity Unit,Extant (seasonality uncertain), , , , , ,T. Contreras McBeath 2014, ,,134.512,7.34417
725623,155130,Caranx sexfasciatus,1,1,5,T. Contreras,2018,IUCN Freshwater Biodiversity Unit,Extant (seasonality uncertain), , , , , ,T. Contreras McBeath 2014, ,,134.51666,7.41175
725623,155130,Caranx sexfasciatus,1,1,5,T. Contreras,2018,IUCN Freshwater Biodiversity Unit,Extant (seasonality uncertain), , , , , ,T. Contreras McBeath 2014, ,,134.518,7.28694
725623,155130,Caranx sexfasciatus,1,1,5,T. Contreras,2018,IUCN Freshwater Biodiversity Unit,Extant (seasonality uncertain), , , , , ,T. Contreras McBeath 2014, ,,134.519,7.39
725623,155130,Caranx sexfasciatus,1,1,5,T. Contreras,2018,IUCN Freshwater Biodiversity Unit,Extant (seasonality uncertain), , , , , ,T. Contreras McBeath 2014, ,,134.52,7.38889
725623,155130,Caranx sexfasciatus,1,1,5,T. Contreras,2018,IUCN Freshwater Biodiversity Unit,Extant (seasonality uncertain), , , , , ,T. Contreras McBeath 2014, ,,134.52855,7.4750557
725623,155130,Caranx sexfasciatus,1,1,5,T. Contreras,2018,IUCN Freshwater Biodiversity Unit,Extant (seasonality uncertain), , , , , ,T. Contreras McBeath 2014, ,,134.531,7.35972
725623,155130,Caranx sexfasciatus,1,1,5,T. Contreras,2018,IUCN Freshwater Biodiversity Unit,Extant (seasonality uncertain), , , , , ,T. Contreras McBeath 2014, ,,134.533,7.34861
725623,155130,Caranx sexfasciatus,1,1,5,T. Contreras,2018,IUCN Freshwater Biodiversity Unit,Extant (seasonality uncertain), , , , , ,T. Contreras McBeath 2014, ,,134.552,7.56278
725623,155130,Caranx sexfasciatus,1,1,5,T. Contreras,2018,IUCN Freshwater Biodiversity Unit,Extant (seasonality uncertain), , , , , ,T. Contreras McBeath 2014, ,,134.55281,7.3859444
725623,155130,Caranx sexfasciatus,1,1,5,T. Contreras,2018,IUCN Freshwater Biodiversity Unit,Extant (seasonality uncertain), , , , , ,T. Contreras McBeath 2014, ,,134.583,7.35333
725623,155130,Caranx sexfasciatus,1,1,5,T. Contreras,2018,IUCN Freshwater Biodiversity Unit,Extant (seasonality uncertain), , , , , ,T. Contreras McBeath 2014, ,,134.59,7.38472
725623,155130,Caranx sexfasciatus,1,1,5,T. Contreras,2018,IUCN Freshwater Biodiversity Unit,Extant (seasonality uncertain), , , , , ,T. Contreras McBeath 2014, ,,134.598,7.36889
725623,155130,Caranx sexfasciatus,1,1,5,T. Contreras,2018,IUCN Freshwater Biodiversity Unit,Extant (seasonality uncertain), , , , , ,T. Contreras McBeath 2014, ,,134.623,7.71472
725623,155130,Caranx sexfasciatus,1,1,5,T. Contreras,2018,IUCN Freshwater Biodiversity Unit,Extant (seasonality uncertain), , , , , ,T. Contreras McBeath 2014, ,,134.62306,7.385722
725623,155130,Caranx sexfasciatus,1,1,5,T. Contreras,2018,IUCN Freshwater Biodiversity Unit,Extant (seasonality uncertain), , , , , ,T. Contreras McBeath 2014, ,,134.636,7.68806
725623,155130,Caranx sexfasciatus,1,1,5,T. Contreras,2018,IUCN Freshwater Biodiversity Unit,Extant (seasonality uncertain), , , , , ,T. Contreras McBeath 2014, ,,134.642,7.49722
725623,155130,Caranx sexfasciatus,1,1,5,T. Contreras,2018,IUCN Freshwater Biodiversity Unit,Extant (seasonality uncertain), , , , , ,T. Contreras McBeath 2014, ,,134.648,8.16806
725623,155130,Caranx sexfasciatus,1,1,5,T. Contreras,2018,IUCN Freshwater Biodiversity Unit,Extant (seasonality uncertain), , , , , ,T. Contreras McBeath 2014, ,,138.128,9.51028
725623,155130,Caranx sexfasciatus,1,1,5,T. Contreras,2018,IUCN Freshwater Biodiversity Unit,Extant (seasonality uncertain), , , , , ,T. Contreras McBeath 2014, ,,138.134,9.54028
725623,155130,Caranx sexfasciatus,1,1,5,T. Contreras,2018,IUCN Freshwater Biodiversity Unit,Extant (seasonality uncertain), , , , , ,T. Contreras McBeath 2014, ,,138.16,9.50806
725623,155130,Caranx sexfasciatus,1,1,5,T. Contreras,2018,IUCN Freshwater Biodiversity Unit,Extant (seasonality uncertain), , , , , ,T. Contreras McBeath 2014, ,,138.175,9.57444
725623,155130,Caranx sexfasciatus,1,1,5,T. Contreras,2018,IUCN Freshwater Biodiversity Unit,Extant (seasonality uncertain), , , , , ,T. Contreras McBeath 2014, ,,138.91667,-12.89167
725623,155130,Caranx sexfasciatus,1,1,5,T. Contreras,2018,IUCN Freshwater Biodiversity Unit,Extant (seasonality uncertain), , , , , ,T. Contreras McBeath 2014, ,,140.493,-2.446
725623,155130,Caranx sexfasciatus,1,1,5,T. Contreras,2018,IUCN Freshwater Biodiversity Unit,Extant (seasonality uncertain), , , , , ,T. Contreras McBeath 2014, ,,142.25,27.1333
725623,155130,Caranx sexfasciatus,1,1,5,T. Contreras,2018,IUCN Freshwater Biodiversity Unit,Extant (seasonality uncertain), , , , , ,T. Contreras McBeath 2014, ,,142.85,-11.65
725623,155130,Caranx sexfasciatus,1,1,5,T. Contreras,2018,IUCN Freshwater Biodiversity Unit,Extant (seasonality uncertain), , , , , ,T. Contreras McBeath 2014, ,,144.43,-10.4378
725623,155130,Caranx sexfasciatus,1,1,5,T. Contreras,2018,IUCN Freshwater Biodiversity Unit,Extant (seasonality uncertain), , , , , ,T. Contreras McBeath 2014, ,,144.438,7.25028
725623,155130,Caranx sexfasciatus,1,1,5,T. Contreras,2018,IUCN Freshwater Biodiversity Unit,Extant (seasonality uncertain), , , , , ,T. Contreras McBeath 2014, ,,144.446,7.23611
725623,155130,Caranx sexfasciatus,1,1,5,T. Contreras,2018,IUCN Freshwater Biodiversity Unit,Extant (seasonality uncertain), , , , , ,T. Contreras McBeath 2014, ,,144.449,7.24417
725623,155130,Caranx sexfasciatus,1,1,5,T. Contreras,2018,IUCN Freshwater Biodiversity Unit,Extant (seasonality uncertain), , , , , ,T. Contreras McBeath 2014, ,,144.451,7.25139
725623,155130,Caranx sexfasciatus,1,1,5,T. Contreras,2018,IUCN Freshwater Biodiversity Unit,Extant (seasonality uncertain), , , , , ,T. Contreras McBeath 2014, ,,144.454,7.24861
725623,155130,Caranx sexfasciatus,1,1,5,T. Contreras,2018,IUCN Freshwater Biodiversity Unit,Extant (seasonality uncertain), , , , , ,T. Contreras McBeath 2014, ,,144.454,7.25111
725623,155130,Caranx sexfasciatus,1,1,5,T. Contreras,2018,IUCN Freshwater Biodiversity Unit,Extant (seasonality uncertain), , , , , ,T. Contreras McBeath 2014, ,,144.65,-4.16667
725623,155130,Caranx sexfasciatus,1,1,5,T. Contreras,2018,IUCN Freshwater Biodiversity Unit,Extant (seasonality uncertain), , , , , ,T. Contreras McBeath 2014, ,,145.433,-14.6667
725623,155130,Caranx sexfasciatus,1,1,5,T. Contreras,2018,IUCN Freshwater Biodiversity Unit,Extant (seasonality uncertain), , , , , ,T. Contreras McBeath 2014, ,,145.45,-14.6833
725623,155130,Caranx sexfasciatus,1,1,5,T. Contreras,2018,IUCN Freshwater Biodiversity Unit,Extant (seasonality uncertain), , , , , ,T. Contreras McBeath 2014, ,,145.5,-14.6667
725623,155130,Caranx sexfasciatus,1,1,5,T. Contreras,2018,IUCN Freshwater Biodiversity Unit,Extant (seasonality uncertain), , , , , ,T. Contreras McBeath 2014, ,,145.5,-14.666667
725623,155130,Caranx sexfasciatus,1,1,5,T. Contreras,2018,IUCN Freshwater Biodiversity Unit,Extant (seasonality uncertain), , , , , ,T. Contreras McBeath 2014, ,,145.717,15.1994
725623,155130,Caranx sexfasciatus,1,1,5,T. Contreras,2018,IUCN Freshwater Biodiversity Unit,Extant (seasonality uncertain), , , , , ,T. Contreras McBeath 2014, ,,145.8,-5.06666
725623,155130,Caranx sexfasciatus,1,1,5,T. Contreras,2018,IUCN Freshwater Biodiversity Unit,Extant (seasonality uncertain), , , , , ,T. Contreras McBeath 2014, ,,146.167,-17.6667
725623,155130,Caranx sexfasciatus,1,1,5,T. Contreras,2018,IUCN Freshwater Biodiversity Unit,Extant (seasonality uncertain), , , , , ,T. Contreras McBeath 2014, ,,146.38333,7.4666667
725623,155130,Caranx sexfasciatus,1,1,5,T. Contreras,2018,IUCN Freshwater Biodiversity Unit,Extant (seasonality uncertain), , , , , ,T. Contreras McBeath 2014, ,,146.667,-14
725623,155130,Caranx sexfasciatus,1,1,5,T. Contreras,2018,IUCN Freshwater Biodiversity Unit,Extant (seasonality uncertain), , , , , ,T. Contreras McBeath 2014, ,,147.1,-9.5
725623,155130,Caranx sexfasciatus,1,1,5,T. Contreras,2018,IUCN Freshwater Biodiversity Unit,Extant (seasonality uncertain), , , , , ,T. Contreras McBeath 2014, ,,147.833,-19
725623,155130,Caranx sexfasciatus,1,1,5,T. Contreras,2018,IUCN Freshwater Biodiversity Unit,Extant (seasonality uncertain), , , , , ,T. Contreras McBeath 2014, ,,150,-7.86667
725623,155130,Caranx sexfasciatus,1,1,5,T. Contreras,2018,IUCN Freshwater Biodiversity Unit,Extant (seasonality uncertain), , , , , ,T. Contreras McBeath 2014, ,,150.367,-5.16667
725623,155130,Caranx sexfasciatus,1,1,5,T. Contreras,2018,IUCN Freshwater Biodiversity Unit,Extant (seasonality uncertain), , , , , ,T. Contreras McBeath 2014, ,,151.25,-33.8333
725623,155130,Caranx sexfasciatus,1,1,5,T. Contreras,2018,IUCN Freshwater Biodiversity Unit,Extant (seasonality uncertain), , , , , ,T. Contreras McBeath 2014, ,,151.6,-33.0667
725623,155130,Caranx sexfasciatus,1,1,5,T. Contreras,2018,IUCN Freshwater Biodiversity Unit,Extant (seasonality uncertain), , , , , ,T. Contreras McBeath 2014, ,,152,-3.83333
725623,155130,Caranx sexfasciatus,1,1,5,T. Contreras,2018,IUCN Freshwater Biodiversity Unit,Extant (seasonality uncertain), , , , , ,T. Contreras McBeath 2014, ,,152,-3.83
725623,155130,Caranx sexfasciatus,1,1,5,T. Contreras,2018,IUCN Freshwater Biodiversity Unit,Extant (seasonality uncertain), , , , , ,T. Contreras McBeath 2014, ,,152.025,-4.31528
725623,155130,Caranx sexfasciatus,1,1,5,T. Contreras,2018,IUCN Freshwater Biodiversity Unit,Extant (seasonality uncertain), , , , , ,T. Contreras McBeath 2014, ,,152.051,-4.26889
725623,155130,Caranx sexfasciatus,1,1,5,T. Contreras,2018,IUCN Freshwater Biodiversity Unit,Extant (seasonality uncertain), , , , , ,T. Contreras McBeath 2014, ,,152.767,-29.5833
725623,155130,Caranx sexfasciatus,1,1,5,T. Contreras,2018,IUCN Freshwater Biodiversity Unit,Extant (seasonality uncertain), , , , , ,T. Contreras McBeath 2014, ,,153,-30.8167
725623,155130,Caranx sexfasciatus,1,1,5,T. Contreras,2018,IUCN Freshwater Biodiversity Unit,Extant (seasonality uncertain), , , , , ,T. Contreras McBeath 2014, ,,153,-30.65
725623,155130,Caranx sexfasciatus,1,1,5,T. Contreras,2018,IUCN Freshwater Biodiversity Unit,Extant (seasonality uncertain), , , , , ,T. Contreras McBeath 2014, ,,153.25,-29.8333
725623,155130,Caranx sexfasciatus,1,1,5,T. Contreras,2018,IUCN Freshwater Biodiversity Unit,Extant (seasonality uncertain), , , , , ,T. Contreras McBeath 2014, ,,153.25,-24.7
725623,155130,Caranx sexfasciatus,1,1,5,T. Contreras,2018,IUCN Freshwater Biodiversity Unit,Extant (seasonality uncertain), , , , , ,T. Contreras McBeath 2014, ,,153.3,-29.8833
725623,155130,Caranx sexfasciatus,1,1,5,T. Contreras,2018,IUCN Freshwater Biodiversity Unit,Extant (seasonality uncertain), , , , , ,T. Contreras McBeath 2014, ,,153.4,-29.4167
725623,155130,Caranx sexfasciatus,1,1,5,T. Contreras,2018,IUCN Freshwater Biodiversity Unit,Extant (seasonality uncertain), , , , , ,T. Contreras McBeath 2014, ,,158.183,6.99583
725623,155130,Caranx sexfasciatus,1,1,5,T. Contreras,2018,IUCN Freshwater Biodiversity Unit,Extant (seasonality uncertain), , , , , ,T. Contreras McBeath 2014, ,,165.83,-10.7367
725623,155130,Caranx sexfasciatus,1,1,5,T. Contreras,2018,IUCN Freshwater Biodiversity Unit,Extant (seasonality uncertain), , , , , ,T. Contreras McBeath 2014, ,,166.8,-11.6278
725623,155130,Caranx sexfasciatus,1,1,5,T. Contreras,2018,IUCN Freshwater Biodiversity Unit,Extant (seasonality uncertain), , , , , ,T. Contreras McBeath 2014, ,,166.83,-11.7
725623,155130,Caranx sexfasciatus,1,1,5,T. Contreras,2018,IUCN Freshwater Biodiversity Unit,Extant (seasonality uncertain), , , , , ,T. Contreras McBeath 2014, ,,166.833,-11.7
725623,155130,Caranx sexfasciatus,1,1,5,T. Contreras,2018,IUCN Freshwater Biodiversity Unit,Extant (seasonality uncertain), , , , , ,T. Contreras McBeath 2014, ,,167.5,-17.5
725623,155130,Caranx sexfasciatus,1,1,5,T. Contreras,2018,IUCN Freshwater Biodiversity Unit,Extant (seasonality uncertain), , , , , ,T. Contreras McBeath 2014, ,,168.35,-17.75
725623,155130,Caranx sexfasciatus,1,1,5,T. Contreras,2018,IUCN Freshwater Biodiversity Unit,Extant (seasonality uncertain), , , , , ,T. Contreras McBeath 2014, ,,171.05,7.11667
725623,155130,Caranx sexfasciatus,1,1,5,T. Contreras,2018,IUCN Freshwater Biodiversity Unit,Extant (seasonality uncertain), , , , , ,T. Contreras McBeath 2014, ,,172.91667,1.4
725623,155130,Caranx sexfasciatus,1,1,5,T. Contreras,2018,IUCN Freshwater Biodiversity Unit,Extant (seasonality uncertain), , , , , ,T. Contreras McBeath 2014, ,,178.261,-18.1628
725623,155130,Caranx sexfasciatus,1,1,5,T. Contreras,2018,IUCN Freshwater Biodiversity Unit,Extant (seasonality uncertain), , , , , ,T. Contreras McBeath 2014, ,,178.261,-18.1556
725623,155130,Caranx sexfasciatus,1,1,5,T. Contreras,2018,IUCN Freshwater Biodiversity Unit,Extant (seasonality uncertain), , , , , ,T. Contreras McBeath 2014, ,,178.26111,-18.162777
725623,155130,Caranx sexfasciatus,1,1,5,T. Contreras,2018,IUCN Freshwater Biodiversity Unit,Extant (seasonality uncertain), , , , , ,T. Contreras McBeath 2014, ,,178.26111,-18.155556
725623,155130,Caranx sexfasciatus,1,1,5,T. Contreras,2018,IUCN Freshwater Biodiversity Unit,Extant (seasonality uncertain), , , , , ,T. Contreras McBeath 2014, ,,178.379,-18.1153
725623,155130,Caranx sexfasciatus,1,1,5,T. Contreras,2018,IUCN Freshwater Biodiversity Unit,Extant (seasonality uncertain), , , , , ,T. Contreras McBeath 2014, ,,178.52861,-18.757223
725623,155130,Caranx sexfasciatus,1,1,5,T. Contreras,2018,IUCN Freshwater Biodiversity Unit,Extant (seasonality uncertain), , , , , ,T. Contreras McBeath 2014, ,,178.529,-18.7572
725623,155130,Caranx sexfasciatus,1,1,5,T. Contreras,2018,IUCN Freshwater Biodiversity Unit,Extant (seasonality uncertain), , , , , ,T. Contreras McBeath 2014, ,,179,-8.5
2690857,201085,Bathymodiolus marisindicus,1,1,1,Elin A. Thomas,2019,International Union for Conservation of Nature,Extant (resident),,,,,,,,0,49.65,-37.7833333
2690857,201085,Bathymodiolus marisindicus,1,1,1,Elin A. Thomas,2019,International Union for Conservation of Nature,Extant (resident),,,,,,,,0,50.4671,-37.6579
2690857,201085,Bathymodiolus marisindicus,1,1,1,Elin A. Thomas,2019,International Union for Conservation of Nature,Extant (resident),,,,,,,,0,63.55,-27.967
2690857,201085,Bathymodiolus marisindicus,1,1,1,Elin A. Thomas,2019,International Union for Conservation of Nature,Extant (resident),,,,,,,,0,65.85,-19.545
2690857,201085,Bathymodiolus marisindicus,1,1,1,Elin A. Thomas,2019,International Union for Conservation of Nature,Extant (resident),,,,,,,,0,69.59666667,-23.878
2690857,201085,Bathymodiolus marisindicus,1,1,1,Elin A. Thomas,2019,International Union for Conservation of Nature,Extant (resident),,,,,,,,0,70.04,-25.3193333
103636261,103636217,Chrysomallon squamiferum,1,1,1,Elin Thomas,2019,"IUCN, BGCI",Extant (resident),,,Kairei,,,,,2019,70.04,-25.3195
103636261,103636217,Chrysomallon squamiferum,1,1,1,Elin Thomas,2019,"IUCN, BGCI",Extant (resident),,,Longqi,,,,,2019,49.6494,-37.7838
103636261,103636217,Chrysomallon squamiferum,1,1,1,Elin Thomas,2019,"IUCN, BGCI",Extant (resident),,,Solitaire,,,,,2019,65.85,-19.545
126813586,2811,Birgus latro,1,1,1,Neil Cumberlidge,2020,IUCN,Extant (resident),,,,,,,,0,-178.701875,-18.324809
126813586,2811,Birgus latro,1,1,1,Neil Cumberlidge,2020,IUCN,Extant (resident),,,,,,,,0,-175.146234,-21.224729
126813586,2811,Birgus latro,1,1,1,Neil Cumberlidge,2020,IUCN,Extant (resident),,,,,,,,0,-174.519561,-4.678037
126813586,2811,Birgus latro,1,1,1,Neil Cumberlidge,2020,IUCN,Extant (resident),,,,,,,,0,-172.472778,-8.556024
126813586,2811,Birgus latro,1,1,1,Neil Cumberlidge,2020,IUCN,Extant (resident),,,,,,,,0,-172.205717,-13.625767
126813586,2811,Birgus latro,1,1,1,Neil Cumberlidge,2020,IUCN,Extant (resident),,,,,,,,0,-171.787466,-9.132593
126813586,2811,Birgus latro,1,1,1,Neil Cumberlidge,2020,IUCN,Extant (resident),,,,,,,,0,-171.19693,-9.383125
126813586,2811,Birgus latro,1,1,1,Neil Cumberlidge,2020,IUCN,Extant (resident),,,,,,,,0,-171.068251,-11.053028
126813586,2811,Birgus latro,1,1,1,Neil Cumberlidge,2020,IUCN,Extant (resident),,,,,,,,0,-169.85,-19.05
126813586,2811,Birgus latro,1,1,1,Neil Cumberlidge,2020,IUCN,Extant (resident),,,,,,,,0,-165.835939,-10.850347
126813586,2811,Birgus latro,1,1,1,Neil Cumberlidge,2020,IUCN,Extant (resident),,,,,,,,0,-165.415392,-11.559522
126813586,2811,Birgus latro,1,1,1,Neil Cumberlidge,2020,IUCN,Extant (resident),,,,,,,,0,-163.130639,-18.031542
126813586,2811,Birgus latro,1,1,1,Neil Cumberlidge,2020,IUCN,Extant (resident),,,,,,,,0,-163.085136,-13.24872
126813586,2811,Birgus latro,1,1,1,Neil Cumberlidge,2020,IUCN,Extant (resident),,,,,,,,0,-162.078735,5.888632
126813586,2811,Birgus latro,1,1,1,Neil Cumberlidge,2020,IUCN,Extant (resident),,,,,,,,0,-161.086423,-10.032487
126813586,2811,Birgus latro,1,1,1,Neil Cumberlidge,2020,IUCN,Extant (resident),,,,,,,,0,-160.975641,-10.414271
126813586,2811,Birgus latro,1,1,1,Neil Cumberlidge,2020,IUCN,Extant (resident),,,,,,,,0,-159.785104,-18.858257
126813586,2811,Birgus latro,1,1,1,Neil Cumberlidge,2020,IUCN,Extant (resident),,,,,,,,0,-159.77704,-21.228699
126813586,2811,Birgus latro,1,1,1,Neil Cumberlidge,2020,IUCN,Extant (resident),,,,,,,,0,-158.287741,-19.810673
126813586,2811,Birgus latro,1,1,1,Neil Cumberlidge,2020,IUCN,Extant (resident),,,,,,,,0,-158.107697,-19.996843
126813586,2811,Birgus latro,1,1,1,Neil Cumberlidge,2020,IUCN,Extant (resident),,,,,,,,0,-157.916623,-21.935395
126813586,2811,Birgus latro,1,1,1,Neil Cumberlidge,2020,IUCN,Extant (resident),,,,,,,,0,-157.916055,-8.988636
126813586,2811,Birgus latro,1,1,1,Neil Cumberlidge,2020,IUCN,Extant (resident),,,,,,,,0,-157.701451,-19.87746
126813586,2811,Birgus latro,1,1,1,Neil Cumberlidge,2020,IUCN,Extant (resident),,,,,,,,0,-157.4286,1.87595
126813586,2811,Birgus latro,1,1,1,Neil Cumberlidge,2020,IUCN,Extant (resident),,,,,,,,0,-157.338639,-20.160502
126813586,2811,Birgus latro,1,1,1,Neil Cumberlidge,2020,IUCN,Extant (resident),,,,,,,,0,-153.982852,-16.80819
126813586,2811,Birgus latro,1,1,1,Neil Cumberlidge,2020,IUCN,Extant (resident),,,,,,,,0,-152.311075,-10.063393
126813586,2811,Birgus latro,1,1,1,Neil Cumberlidge,2020,IUCN,Extant (resident),,,,,,,,0,-151.818985,-11.430245
126813586,2811,Birgus latro,1,1,1,Neil Cumberlidge,2020,IUCN,Extant (resident),,,,,,,,0,-151.741397,-16.499813
126813586,2811,Birgus latro,1,1,1,Neil Cumberlidge,2020,IUCN,Extant (resident),,,,,,,,0,-150.203672,-9.911292
126813586,2811,Birgus latro,1,1,1,Neil Cumberlidge,2020,IUCN,Extant (resident),,,,,,,,0,-145.533333,-15.533333
126813586,2811,Birgus latro,1,1,1,Neil Cumberlidge,2020,IUCN,Extant (resident),,,,,,,,0,-144.617415,-15.738641
126813586,2811,Birgus latro,1,1,1,Neil Cumberlidge,2020,IUCN,Extant (resident),,,,,,,,0,-141.409444,-18.040833
126813586,2811,Birgus latro,1,1,1,Neil Cumberlidge,2020,IUCN,Extant (resident),,,,,,,,0,-134.968944,-23.129344
126813586,2811,Birgus latro,1,1,1,Neil Cumberlidge,2020,IUCN,Extant (resident),,,,,,,,0,39.1774,-6.28
126813586,2811,Birgus latro,1,1,1,Neil Cumberlidge,2020,IUCN,Extant (resident),,,,,,,,0,39.177422,-6.278459
126813586,2811,Birgus latro,1,1,1,Neil Cumberlidge,2020,IUCN,Extant (resident),,,,,,,,0,39.177508,-6.278586
126813586,2811,Birgus latro,1,1,1,Neil Cumberlidge,2020,IUCN,Extant (resident),,,,,,,,0,39.1989,-6.17
126813586,2811,Birgus latro,1,1,1,Neil Cumberlidge,2020,IUCN,Extant (resident),,,,,,,,0,39.239155,-6.674831
126813586,2811,Birgus latro,1,1,1,Neil Cumberlidge,2020,IUCN,Extant (resident),,,,,,,,0,39.24929,-6.657079
126813586,2811,Birgus latro,1,1,1,Neil Cumberlidge,2020,IUCN,Extant (resident),,,,,,,,0,39.2655,-6.7
126813586,2811,Birgus latro,1,1,1,Neil Cumberlidge,2020,IUCN,Extant (resident),,,,,,,,0,39.265501,-6.697833
126813586,2811,Birgus latro,1,1,1,Neil Cumberlidge,2020,IUCN,Extant (resident),,,,,,,,0,39.288253,-5.752053
126813586,2811,Birgus latro,1,1,1,Neil Cumberlidge,2020,IUCN,Extant (resident),,,,,,,,0,39.362,-6.14
126813586,2811,Birgus latro,1,1,1,Neil Cumberlidge,2020,IUCN,Extant (resident),,,,,,,,0,39.3835,-5.82
126813586,2811,Birgus latro,1,1,1,Neil Cumberlidge,2020,IUCN,Extant (resident),,,,,,,,0,39.383711,-5.820424
126813586,2811,Birgus latro,1,1,1,Neil Cumberlidge,2020,IUCN,Extant (resident),,,,,,,,0,39.400375,-6.815918
126813586,2811,Birgus latro,1,1,1,Neil Cumberlidge,2020,IUCN,Extant (resident),,,,,,,,0,39.5046,-8.53
126813586,2811,Birgus latro,1,1,1,Neil Cumberlidge,2020,IUCN,Extant (resident),,,,,,,,0,39.504604,-8.525341
126813586,2811,Birgus latro,1,1,1,Neil Cumberlidge,2020,IUCN,Extant (resident),,,,,,,,0,39.5667,-8.57
126813586,2811,Birgus latro,1,1,1,Neil Cumberlidge,2020,IUCN,Extant (resident),,,,,,,,0,39.568212,-8.567854
126813586,2811,Birgus latro,1,1,1,Neil Cumberlidge,2020,IUCN,Extant (resident),,,,,,,,0,39.570502,-5.41246
126813586,2811,Birgus latro,1,1,1,Neil Cumberlidge,2020,IUCN,Extant (resident),,,,,,,,0,39.583907,-5.422316
126813586,2811,Birgus latro,1,1,1,Neil Cumberlidge,2020,IUCN,Extant (resident),,,,,,,,0,39.604082,-5.239971
126813586,2811,Birgus latro,1,1,1,Neil Cumberlidge,2020,IUCN,Extant (resident),,,,,,,,0,39.6466,-5.45
126813586,2811,Birgus latro,1,1,1,Neil Cumberlidge,2020,IUCN,Extant (resident),,,,,,,,0,39.6467,-5.06
126813586,2811,Birgus latro,1,1,1,Neil Cumberlidge,2020,IUCN,Extant (resident),,,,,,,,0,39.647127,-5.060415
126813586,2811,Birgus latro,1,1,1,Neil Cumberlidge,2020,IUCN,Extant (resident),,,,,,,,0,39.651292,-5.4606
126813586,2811,Birgus latro,1,1,1,Neil Cumberlidge,2020,IUCN,Extant (resident),,,,,,,,0,39.66362,-5.462612
126813586,2811,Birgus latro,1,1,1,Neil Cumberlidge,2020,IUCN,Extant (resident),,,,,,,,0,39.675134,-4.922423
126813586,2811,Birgus latro,1,1,1,Neil Cumberlidge,2020,IUCN,Extant (resident),,,,,,,,0,39.677154,-4.911057
126813586,2811,Birgus latro,1,1,1,Neil Cumberlidge,2020,IUCN,Extant (resident),,,,,,,,0,39.678292,-4.872742
126813586,2811,Birgus latro,1,1,1,Neil Cumberlidge,2020,IUCN,Extant (resident),,,,,,,,0,39.679004,-4.882446
126813586,2811,Birgus latro,1,1,1,Neil Cumberlidge,2020,IUCN,Extant (resident),,,,,,,,0,39.72952,-8.0512
126813586,2811,Birgus latro,1,1,1,Neil Cumberlidge,2020,IUCN,Extant (resident),,,,,,,,0,39.755,-7.87
126813586,2811,Birgus latro,1,1,1,Neil Cumberlidge,2020,IUCN,Extant (resident),,,,,,,,0,39.761452,-7.868452
126813586,2811,Birgus latro,1,1,1,Neil Cumberlidge,2020,IUCN,Extant (resident),,,,,,,,0,39.840066,-5.101019
126813586,2811,Birgus latro,1,1,1,Neil Cumberlidge,2020,IUCN,Extant (resident),,,,,,,,0,40.5178,-12.9732
126813586,2811,Birgus latro,1,1,1,Neil Cumberlidge,2020,IUCN,Extant (resident),,,,,,,,0,40.564636,-12.146995
126813586,2811,Birgus latro,1,1,1,Neil Cumberlidge,2020,IUCN,Extant (resident),,,,,,,,0,40.5647,-12.15
126813586,2811,Birgus latro,1,1,1,Neil Cumberlidge,2020,IUCN,Extant (resident),,,,,,,,0,40.598859,-12.337516
126813586,2811,Birgus latro,1,1,1,Neil Cumberlidge,2020,IUCN,Extant (resident),,,,,,,,0,40.599031,-12.3376
126813586,2811,Birgus latro,1,1,1,Neil Cumberlidge,2020,IUCN,Extant (resident),,,,,,,,0,40.5991,-12.43
126813586,2811,Birgus latro,1,1,1,Neil Cumberlidge,2020,IUCN,Extant (resident),,,,,,,,0,40.5991,-12.34
126813586,2811,Birgus latro,1,1,1,Neil Cumberlidge,2020,IUCN,Extant (resident),,,,,,,,0,40.5994,-12.22
126813586,2811,Birgus latro,1,1,1,Neil Cumberlidge,2020,IUCN,Extant (resident),,,,,,,,0,40.6036,-11.82
126813586,2811,Birgus latro,1,1,1,Neil Cumberlidge,2020,IUCN,Extant (resident),,,,,,,,0,40.6069,-12.43
126813586,2811,Birgus latro,1,1,1,Neil Cumberlidge,2020,IUCN,Extant (resident),,,,,,,,0,40.6156,-12.6
126813586,2811,Birgus latro,1,1,1,Neil Cumberlidge,2020,IUCN,Extant (resident),,,,,,,,0,40.6804,-11.16
126813586,2811,Birgus latro,1,1,1,Neil Cumberlidge,2020,IUCN,Extant (resident),,,,,,,,0,40.690303,-11.023581
126813586,2811,Birgus latro,1,1,1,Neil Cumberlidge,2020,IUCN,Extant (resident),,,,,,,,0,40.6905,-11.02
126813586,2811,Birgus latro,1,1,1,Neil Cumberlidge,2020,IUCN,Extant (resident),,,,,,,,0,43.43729,-11.7128
126813586,2811,Birgus latro,1,1,1,Neil Cumberlidge,2020,IUCN,Extant (resident),,,,,,,,0,43.78981,-12.3125
126813586,2811,Birgus latro,1,1,1,Neil Cumberlidge,2020,IUCN,Extant (resident),,,,,,,,0,44.50419,-12.1685
126813586,2811,Birgus latro,1,1,1,Neil Cumberlidge,2020,IUCN,Extant (resident),,,,,,,,0,46.341876,-9.379539
126813586,2811,Birgus latro,1,1,1,Neil Cumberlidge,2020,IUCN,Extant (resident),,,,,,,,0,46.517151,-9.742825
126813586,2811,Birgus latro,1,1,1,Neil Cumberlidge,2020,IUCN,Extant (resident),,,,,,,,0,47.303414,-11.573898
126813586,2811,Birgus latro,1,1,1,Neil Cumberlidge,2020,IUCN,Extant (resident),,,,,,,,0,47.333333,-11.55
126813586,2811,Birgus latro,1,1,1,Neil Cumberlidge,2020,IUCN,Extant (resident),,,,,,,,0,47.515283,-9.707924
126813586,2811,Birgus latro,1,1,1,Neil Cumberlidge,2020,IUCN,Extant (resident),,,,,,,,0,47.549998,-9.696533
126813586,2811,Birgus latro,1,1,1,Neil Cumberlidge,2020,IUCN,Extant (resident),,,,,,,,0,47.583333,-9.716667
126813586,2811,Birgus latro,1,1,1,Neil Cumberlidge,2020,IUCN,Extant (resident),,,,,,,,0,47.740322,-10.067634
126813586,2811,Birgus latro,1,1,1,Neil Cumberlidge,2020,IUCN,Extant (resident),,,,,,,,0,51.034037,-9.223591
126813586,2811,Birgus latro,1,1,1,Neil Cumberlidge,2020,IUCN,Extant (resident),,,,,,,,0,51.15386,-10.193393
126813586,2811,Birgus latro,1,1,1,Neil Cumberlidge,2020,IUCN,Extant (resident),,,,,,,,0,52.729701,-7.007929
126813586,2811,Birgus latro,1,1,1,Neil Cumberlidge,2020,IUCN,Extant (resident),,,,,,,,0,52.730388,-7.009548
126813586,2811,Birgus latro,1,1,1,Neil Cumberlidge,2020,IUCN,Extant (resident),,,,,,,,0,52.734134,-7.067887
126813586,2811,Birgus latro,1,1,1,Neil Cumberlidge,2020,IUCN,Extant (resident),,,,,,,,0,52.736582,-7.154521
126813586,2811,Birgus latro,1,1,1,Neil Cumberlidge,2020,IUCN,Extant (resident),,,,,,,,0,53.302137,-5.419073
126813586,2811,Birgus latro,1,1,1,Neil Cumberlidge,2020,IUCN,Extant (resident),,,,,,,,0,53.304548,-5.743246
126813586,2811,Birgus latro,1,1,1,Neil Cumberlidge,2020,IUCN,Extant (resident),,,,,,,,0,53.668813,-5.690978
126813586,2811,Birgus latro,1,1,1,Neil Cumberlidge,2020,IUCN,Extant (resident),,,,,,,,0,55.24314,-4.47149
126813586,2811,Birgus latro,1,1,1,Neil Cumberlidge,2020,IUCN,Extant (resident),,,,,,,,0,55.387131,-5.862339
126813586,2811,Birgus latro,1,1,1,Neil Cumberlidge,2020,IUCN,Extant (resident),,,,,,,,0,55.648836,-4.348915
126813586,2811,Birgus latro,1,1,1,Neil Cumberlidge,2020,IUCN,Extant (resident),,,,,,,,0,55.666037,-4.210099
126813586,2811,Birgus latro,1,1,1,Neil Cumberlidge,2020,IUCN,Extant (resident),,,,,,,,0,56.289342,-7.127535
126813586,2811,Birgus latro,1,1,1,Neil Cumberlidge,2020,IUCN,Extant (resident),,,,,,,,0,71.329708,-6.17898
126813586,2811,Birgus latro,1,1,1,Neil Cumberlidge,2020,IUCN,Extant (resident),,,,,,,,0,71.336931,-6.672875
126813586,2811,Birgus latro,1,1,1,Neil Cumberlidge,2020,IUCN,Extant (resident),,,,,,,,0,71.85,-5.332478
126813586,2811,Birgus latro,1,1,1,Neil Cumberlidge,2020,IUCN,Extant (resident),,,,,,,,0,72.268926,-5.327136
126813586,2811,Birgus latro,1,1,1,Neil Cumberlidge,2020,IUCN,Extant (resident),,,,,,,,0,72.419978,-7.324138
126813586,2811,Birgus latro,1,1,1,Neil Cumberlidge,2020,IUCN,Extant (resident),,,,,,,,0,92.22,10.976
126813586,2811,Birgus latro,1,1,1,Neil Cumberlidge,2020,IUCN,Extant (resident),,,,,,,,0,92.262189,11.532357
126813586,2811,Birgus latro,1,1,1,Neil Cumberlidge,2020,IUCN,Extant (resident),,,,,,,,0,92.49,10.65
126813586,2811,Birgus latro,1,1,1,Neil Cumberlidge,2020,IUCN,Extant (resident),,,,,,,,0,93.5,8.12
126813586,2811,Birgus latro,1,1,1,Neil Cumberlidge,2020,IUCN,Extant (resident),,,,,,,,0,93.68,7.33
126813586,2811,Birgus latro,1,1,1,Neil Cumberlidge,2020,IUCN,Extant (resident),,,,,,,,0,93.75,7.4
126813586,2811,Birgus latro,1,1,1,Neil Cumberlidge,2020,IUCN,Extant (resident),,,,,,,,0,93.8,7.03
126813586,2811,Birgus latro,1,1,1,Neil Cumberlidge,2020,IUCN,Extant (resident),,,,,,,,0,93.833333,7.3
126813586,2811,Birgus latro,1,1,1,Neil Cumberlidge,2020,IUCN,Extant (resident),,,,,,,,0,96.823696,-12.14233
126813586,2811,Birgus latro,1,1,1,Neil Cumberlidge,2020,IUCN,Extant (resident),,,,,,,,0,96.896347,-12.20107
126813586,2811,Birgus latro,1,1,1,Neil Cumberlidge,2020,IUCN,Extant (resident),,,,,,,,0,105.619701,-10.491603
126813586,2811,Birgus latro,1,1,1,Neil Cumberlidge,2020,IUCN,Extant (resident),,,,,,,,0,119.824732,5.1161
126813586,2811,Birgus latro,1,1,1,Neil Cumberlidge,2020,IUCN,Extant (resident),,,,,,,,0,120.441872,-6.132794
126813586,2811,Birgus latro,1,1,1,Neil Cumberlidge,2020,IUCN,Extant (resident),,,,,,,,0,120.6976,13.12003
126813586,2811,Birgus latro,1,1,1,Neil Cumberlidge,2020,IUCN,Extant (resident),,,,,,,,0,121.362723,18.847225
126813586,2811,Birgus latro,1,1,1,Neil Cumberlidge,2020,IUCN,Extant (resident),,,,,,,,0,121.392101,14.281762
126813586,2811,Birgus latro,1,1,1,Neil Cumberlidge,2020,IUCN,Extant (resident),,,,,,,,0,121.480873,22.671689
126813586,2811,Birgus latro,1,1,1,Neil Cumberlidge,2020,IUCN,Extant (resident),,,,,,,,0,121.547572,22.045989
126813586,2811,Birgus latro,1,1,1,Neil Cumberlidge,2020,IUCN,Extant (resident),,,,,,,,0,121.609906,21.950485
126813586,2811,Birgus latro,1,1,1,Neil Cumberlidge,2020,IUCN,Extant (resident),,,,,,,,0,121.825304,13.406666
126813586,2811,Birgus latro,1,1,1,Neil Cumberlidge,2020,IUCN,Extant (resident),,,,,,,,0,121.876308,18.825858
126813586,2811,Birgus latro,1,1,1,Neil Cumberlidge,2020,IUCN,Extant (resident),,,,,,,,0,121.923545,14.764808
126813586,2811,Birgus latro,1,1,1,Neil Cumberlidge,2020,IUCN,Extant (resident),,,,,,,,0,121.956785,20.442141
126813586,2811,Birgus latro,1,1,1,Neil Cumberlidge,2020,IUCN,Extant (resident),,,,,,,,0,122.049778,-0.409767
126813586,2811,Birgus latro,1,1,1,Neil Cumberlidge,2020,IUCN,Extant (resident),,,,,,,,0,122.055756,-0.270735
126813586,2811,Birgus latro,1,1,1,Neil Cumberlidge,2020,IUCN,Extant (resident),,,,,,,,0,122.288382,12.49023
126813586,2811,Birgus latro,1,1,1,Neil Cumberlidge,2020,IUCN,Extant (resident),,,,,,,,0,123.766727,11.210076
126813586,2811,Birgus latro,1,1,1,Neil Cumberlidge,2020,IUCN,Extant (resident),,,,,,,,0,123.820269,24.472903
126813586,2811,Birgus latro,1,1,1,Neil Cumberlidge,2020,IUCN,Extant (resident),,,,,,,,0,123.844456,24.403094
126813586,2811,Birgus latro,1,1,1,Neil Cumberlidge,2020,IUCN,Extant (resident),,,,,,,,0,123.88236,-5.578161
126813586,2811,Birgus latro,1,1,1,Neil Cumberlidge,2020,IUCN,Extant (resident),,,,,,,,0,124.007693,10.288737
126813586,2811,Birgus latro,1,1,1,Neil Cumberlidge,2020,IUCN,Extant (resident),,,,,,,,0,124.049941,10.261808
126813586,2811,Birgus latro,1,1,1,Neil Cumberlidge,2020,IUCN,Extant (resident),,,,,,,,0,124.133567,24.421665
126813586,2811,Birgus latro,1,1,1,Neil Cumberlidge,2020,IUCN,Extant (resident),,,,,,,,0,124.247684,12.415915
126813586,2811,Birgus latro,1,1,1,Neil Cumberlidge,2020,IUCN,Extant (resident),,,,,,,,0,124.506834,10.676381
126813586,2811,Birgus latro,1,1,1,Neil Cumberlidge,2020,IUCN,Extant (resident),,,,,,,,0,124.5367,9.926211
126813586,2811,Birgus latro,1,1,1,Neil Cumberlidge,2020,IUCN,Extant (resident),,,,,,,,0,124.753752,11.915005
126813586,2811,Birgus latro,1,1,1,Neil Cumberlidge,2020,IUCN,Extant (resident),,,,,,,,0,124.833909,1.485212
126813586,2811,Birgus latro,1,1,1,Neil Cumberlidge,2020,IUCN,Extant (resident),,,,,,,,0,125.299812,24.861291
126813586,2811,Birgus latro,1,1,1,Neil Cumberlidge,2020,IUCN,Extant (resident),,,,,,,,0,127.635722,1.852185
126813586,2811,Birgus latro,1,1,1,Neil Cumberlidge,2020,IUCN,Extant (resident),,,,,,,,0,127.799048,26.710742
126813586,2811,Birgus latro,1,1,1,Neil Cumberlidge,2020,IUCN,Extant (resident),,,,,,,,0,130.271176,-0.574194
126813586,2811,Birgus latro,1,1,1,Neil Cumberlidge,2020,IUCN,Extant (resident),,,,,,,,0,134.710235,8.003782
126813586,2811,Birgus latro,1,1,1,Neil Cumberlidge,2020,IUCN,Extant (resident),,,,,,,,0,134.710235,8.088885
126813586,2811,Birgus latro,1,1,1,Neil Cumberlidge,2020,IUCN,Extant (resident),,,,,,,,0,140.390522,8.139868
126813586,2811,Birgus latro,1,1,1,Neil Cumberlidge,2020,IUCN,Extant (resident),,,,,,,,0,142.836599,-1.73729
126813586,2811,Birgus latro,1,1,1,Neil Cumberlidge,2020,IUCN,Extant (resident),,,,,,,,0,144.848982,13.471562
126813586,2811,Birgus latro,1,1,1,Neil Cumberlidge,2020,IUCN,Extant (resident),,,,,,,,0,145.403611,19.6925
126813586,2811,Birgus latro,1,1,1,Neil Cumberlidge,2020,IUCN,Extant (resident),,,,,,,,0,145.772044,15.193815
126813586,2811,Birgus latro,1,1,1,Neil Cumberlidge,2020,IUCN,Extant (resident),,,,,,,,0,145.791435,18.135673
126813586,2811,Birgus latro,1,1,1,Neil Cumberlidge,2020,IUCN,Extant (resident),,,,,,,,0,145.841667,17.310833
126813586,2811,Birgus latro,1,1,1,Neil Cumberlidge,2020,IUCN,Extant (resident),,,,,,,,0,146.366667,-2.917222
126813586,2811,Birgus latro,1,1,1,Neil Cumberlidge,2020,IUCN,Extant (resident),,,,,,,,0,152.08789,-3.321731
126813586,2811,Birgus latro,1,1,1,Neil Cumberlidge,2020,IUCN,Extant (resident),,,,,,,,0,155.881512,-6.987782
126813586,2811,Birgus latro,1,1,1,Neil Cumberlidge,2020,IUCN,Extant (resident),,,,,,,,0,160.540556,-9.567374
126813586,2811,Birgus latro,1,1,1,Neil Cumberlidge,2020,IUCN,Extant (resident),,,,,,,,0,160.924385,-8.794409
126813586,2811,Birgus latro,1,1,1,Neil Cumberlidge,2020,IUCN,Extant (resident),,,,,,,,0,161.904143,-10.455064
126813586,2811,Birgus latro,1,1,1,Neil Cumberlidge,2020,IUCN,Extant (resident),,,,,,,,0,162.233333,11.350588
126813586,2811,Birgus latro,1,1,1,Neil Cumberlidge,2020,IUCN,Extant (resident),,,,,,,,0,162.349713,11.546876
126813586,2811,Birgus latro,1,1,1,Neil Cumberlidge,2020,IUCN,Extant (resident),,,,,,,,0,166.584394,-13.134637
126813586,2811,Birgus latro,1,1,1,Neil Cumberlidge,2020,IUCN,Extant (resident),,,,,,,,0,166.625833,-13.246389
126813586,2811,Birgus latro,1,1,1,Neil Cumberlidge,2020,IUCN,Extant (resident),,,,,,,,0,166.656492,-13.353198
126813586,2811,Birgus latro,1,1,1,Neil Cumberlidge,2020,IUCN,Extant (resident),,,,,,,,0,166.704557,-13.406639
126813586,2811,Birgus latro,1,1,1,Neil Cumberlidge,2020,IUCN,Extant (resident),,,,,,,,0,166.889813,11.266658
126813586,2811,Birgus latro,1,1,1,Neil Cumberlidge,2020,IUCN,Extant (resident),,,,,,,,0,166.948885,-0.509699
126813586,2811,Birgus latro,1,1,1,Neil Cumberlidge,2020,IUCN,Extant (resident),,,,,,,,0,167.153143,-15.197878
126813586,2811,Birgus latro,1,1,1,Neil Cumberlidge,2020,IUCN,Extant (resident),,,,,,,,0,167.328569,-20.942675
126813586,2811,Birgus latro,1,1,1,Neil Cumberlidge,2020,IUCN,Extant (resident),,,,,,,,0,167.710278,9.011619
126813586,2811,Birgus latro,1,1,1,Neil Cumberlidge,2020,IUCN,Extant (resident),,,,,,,,0,167.742087,8.728798
126813586,2811,Birgus latro,1,1,1,Neil Cumberlidge,2020,IUCN,Extant (resident),,,,,,,,0,168.30997,-17.727775
126813586,2811,Birgus latro,1,1,1,Neil Cumberlidge,2020,IUCN,Extant (resident),,,,,,,,0,169.506293,6.014136
126813586,2811,Birgus latro,1,1,1,Neil Cumberlidge,2020,IUCN,Extant (resident),,,,,,,,0,178.314816,-16.81462
126813586,2811,Birgus latro,1,1,1,Neil Cumberlidge,2020,IUCN,Extant (resident),,,,,,,,0,179.189638,-8.531903
126813586,2811,Birgus latro,1,1,1,Neil Cumberlidge,2020,IUCN,Extant (resident),,,,,,,,0,179.1953,-8.517129
145380574,145379801,Alviniconcha marisindica,1,1,1,Elin A. Thomas,2019,International Union for Conservation of Nature,Extant (resident),,,,,,,,0,65.85,-19.545
145380574,145379801,Alviniconcha marisindica,1,1,1,Elin A. Thomas,2019,International Union for Conservation of Nature,Extant (resident),,,,,,,,0,69.59666,-23.878
145380574,145379801,Alviniconcha marisindica,1,1,1,Elin A. Thomas,2019,International Union for Conservation of Nature,Extant (resident),,,,,,,,0,70.03999,-25.31933
145380574,145379801,Alviniconcha marisindica,1,1,1,Elin A. Thomas,2019,International Union for Conservation of Nature,Extant (resident),,,,,,,,0,71.4333333,-26.15
145380609,145380484,Desbruyeresia marisindica,1,1,1,Elin A. Thomas,2019,International Union for Conservation of Nature,Extant (resident),,,,,,,,0,65.85,-19.545
145380609,145380484,Desbruyeresia marisindica,1,1,1,Elin A. Thomas,2019,International Union for Conservation of Nature,Extant (resident),,,,,,,,0,70.03998,-25.31933
149275898,149255832,Thalassodendron leptocaule,1,1,1,"Saba Rokni (RBG, Kew)",2019,"RBG, Kew",Extant (resident),,,,,, ,HumanObservation,0,33.715,-25.1256
149275898,149255832,Thalassodendron leptocaule,1,1,1,"Saba Rokni (RBG, Kew)",2019,"RBG, Kew",Extant (resident),,,,,, ,HumanObservation,0,34.1977,-24.958
149275898,149255832,Thalassodendron leptocaule,1,1,1,"Saba Rokni (RBG, Kew)",2019,"RBG, Kew",Extant (resident),,,,,, ,HumanObservation,0,35.5527,-23.8547
149275898,149255832,Thalassodendron leptocaule,1,1,1,"Saba Rokni (RBG, Kew)",2019,"RBG, Kew",Extant (resident),,,,,, ,HumanObservation,2018,32.752347,-27.332836
149275898,149255832,Thalassodendron leptocaule,1,1,1,"Saba Rokni (RBG, Kew)",2019,"RBG, Kew",Extant (resident),,,,,, ,PreservedSpecimen,1938,32.901063,-26.033898
149275898,149255832,Thalassodendron leptocaule,1,1,1,"Saba Rokni (RBG, Kew)",2019,"RBG, Kew",Extant (resident),,,,,, ,PreservedSpecimen,1956,32.901063,-26.033898
149275898,149255832,Thalassodendron leptocaule,1,1,1,"Saba Rokni (RBG, Kew)",2019,"RBG, Kew",Extant (resident),,,,,, ,PreservedSpecimen,1958,32.732327,-27.382029
149275898,149255832,Thalassodendron leptocaule,1,1,1,"Saba Rokni (RBG, Kew)",2019,"RBG, Kew",Extant (resident),,,,,, ,PreservedSpecimen,1958,32.891389,-26.858056
149275898,149255832,Thalassodendron leptocaule,1,1,1,"Saba Rokni (RBG, Kew)",2019,"RBG, Kew",Extant (resident),,,,,, ,PreservedSpecimen,1959,32.679855,-27.542515
149275898,149255832,Thalassodendron leptocaule,1,1,1,"Saba Rokni (RBG, Kew)",2019,"RBG, Kew",Extant (resident),,,,,, ,PreservedSpecimen,1960,32.423492,-28.400001
149275898,149255832,Thalassodendron leptocaule,1,1,1,"Saba Rokni (RBG, Kew)",2019,"RBG, Kew",Extant (resident),,,,,, ,PreservedSpecimen,1961,32.881025,-26.891469
149275898,149255832,Thalassodendron leptocaule,1,1,1,"Saba Rokni (RBG, Kew)",2019,"RBG, Kew",Extant (resident),,,,,, ,PreservedSpecimen,1962,32.901063,-26.033898
149275898,149255832,Thalassodendron leptocaule,1,1,1,"Saba Rokni (RBG, Kew)",2019,"RBG, Kew",Extant (resident),,,,,, ,PreservedSpecimen,1973,32.427474,-28.422444
149275898,149255832,Thalassodendron leptocaule,1,1,1,"Saba Rokni (RBG, Kew)",2019,"RBG, Kew",Extant (resident),,,,,, ,PreservedSpecimen,1976,32.870895,-26.986163
149275898,149255832,Thalassodendron leptocaule,1,1,1,"Saba Rokni (RBG, Kew)",2019,"RBG, Kew",Extant (resident),,,,,, ,PreservedSpecimen,2008,32.896111,-26.846389
150839020,61213,Oligolepis acutipennis,1,1,1,Malka Fernando,2019,IUCN,Extant (resident),0,0,0,Sri Lanka,0,CHE00123,HumanObservation,2018,80.876944,8.0325
150839020,61213,Oligolepis acutipennis,1,1,1,Malka Fernando,2019,IUCN,Extant (resident),0,0,0,Sri Lanka,0,CHE00156,HumanObservation,2017,80.070987,6.230125
150839275,196351,Redigobius balteatus,1,1,1,Malka Fernando,2019,IUCN,Extant (resident),0,0,0,Sri Lanka,0,CHE00150,HumanObservation,2006,80.24648,6.026381
150839275,196351,Redigobius balteatus,1,1,1,Malka Fernando,2019,IUCN,Extant (resident),0,0,0,Sri Lanka,0,CHE00156,HumanObservation,2017,80.070987,6.230125